Client ID,First Name,Last Name,Comms Number,Handler ID,Species ID
cc10004,Nina,Sparrow,I4KmYuelKji4KM,hh05,ss66747
cc10050,Talia,Dyson,mmsIPRgg1RHH8g,hh06,ss50711
cc10247,Mia,Smythe,XPpjrSPV1Df90k,hh00,ss66747
cc10343,Mia,Daniels,6xpAnBmYB5FbBt,hh01,ss93885
cc10525,Ethan,Davison,lUaChPLDa9VOxG,hh07,ss85838
cc10563,Lenny,Lam,tNP4HwarUci90G,hh00,ss17152
cc10638,Lenny,Flynn,UlMUYKXG0pFxsO,hh03,ss39663
cc10921,Sage,Flynn,5SZMk96eSib6Ur,hh06,ss93991
cc11039,Luna,Dern,7l8Fva9Y6qLhRV,hh04,ss85211
cc11071,Haley,Sparks,A33QQBmp5a4VlX,hh03,ss66747
cc11220,Mia,Sato,hiGqDCUu5VwkMO,hh05,ss94429
cc11234,Lysa,Drake,Z1PqTj6xtELleH,hh04,ss85211
cc11246,Sarai,Sato,5jiznB280Ev9VE,hh07,ss87849
cc11574,Ryder,Daniels,e1Z1VTgv1Y4lSd,hh07,ss94429
cc11701,Samantha,Davison,l6tYMuZSUhAWWM,hh04,ss35408
cc11758,Lenny,Sparrow,hrQ0oXsw7bTtOG,hh04,ss11647
cc11939,Lenny,Davison,hvW15wVLcf9pFf,hh03,ss24629
cc11994,Mia,Sparks,t0M5ocxnMJBEhy,hh01,ss78139
cc12004,Luna,Sparrow,EmFEka333ycEs1,hh05,ss94429
cc12005,Sasha,Boo,uLAallprKS3P6M,hh07,ss26649
cc12014,Mia,T'Pau,NyAlKFaO92nIxl,hh01,ss49685
cc12146,Emmie,Sparrow,Y9Qb4xqRrR5fv2,hh00,ss49685
cc12400,Yes,Drake,G5jj3KWnKVNeR6,hh02,ss24587
cc12405,Sage,Davison,4xNqy53uM0nHov,hh03,ss85838
cc12437,Luna,Willis,dj43nICvgTfwzN,hh00,ss93991
cc12693,Mia,Smith,3FRL9PkxWSN0v0,hh01,ss24587
cc12915,Mia,Smythe,x5sP09Dt5FTyeB,hh02,ss93885
cc12973,Haley,Davison,R4S8jQDUvJmToc,hh02,ss39663
cc13111,Lenny,Henderson,3FZaxCvC9D9xwz,hh02,ss26649
cc13298,Sasha,Smith,Oc8UKJhGtlTd8q,hh01,ss17152
cc13359,Booboo,Stark,I3SomRZIGtQ2LU,hh04,ss85211
cc13370,Mia,Fitzgerald,2Cy8VJMlhOXmwk,hh03,ss85838
cc14110,Logan,Davison,N1EYMikwUfQGDf,hh05,ss50711
cc14589,Mia,Help,9El5EEfzO50TJg,hh04,ss24587
cc15114,Samantha,Davison,30NyNRm3S1o3tB,hh01,ss66747
cc15132,Samantha,Davison,HqttrIaZ4gBDc1,hh02,ss24587
cc15146,Sage,Davies,byiMYeXQY0Rwep,hh03,ss93991
cc15240,Mia,T'Pau,3MSFFBgXWW7KQi,hh03,ss49685
cc15288,Mia,Daniels,dj12n74sIPlKP2,hh06,ss50711
cc15468,Haley,Davila,gYq1Uzif4ERR7y,hh07,ss87849
cc15487,Luna,Smythe,qOmcNnF6054CwT,hh05,ss39663
cc15517,Mia,Davison,q5XkvfNYgo36VN,hh06,ss66747
cc15552,Ethan,Davison,L8QoUzLK2Mqixl,hh07,ss35408
cc15850,Emmie,Daniels,2sLulqhdL7u2pI,hh04,ss24629
cc15966,Zeb,Takahashi,EmhuWbkUE4DDMy,hh07,ss50711
cc16371,Mia,Dalton,dDpxJXxK1UlrSo,hh02,ss59760
cc16837,Luna,Davison,5BoJxJnYJKK1KX,hh00,ss66747
cc16941,Mia,Davison,vsTwDBnxTGb3BN,hh04,ss85211
cc17278,Mia,Davison,H3PzChQ4K2zxsQ,hh07,ss17152
cc17767,Emmie,Kirk,y6TUEtrWuDieaJ,hh05,ss94429
cc17773,Luna,Davies,0LRO7MDhBH5yie,hh03,ss93885
cc17814,Emmie,D'Alessandro,1lSpe38h4qKkSg,hh02,ss39663
cc18100,Sage,Falk,u21nViZ8dGKd6L,hh01,ss24629
cc18196,Mia,Daniels,lMo4RC5YWX1JVj,hh06,ss85211
cc18339,Haley,Dresden,L3l2I6KZ3SBxIK,hh03,ss78139
cc18594,Lenny,Smith,lTtthDQW0RiE0e,hh04,ss24587
cc18799,Mia,Sparrow,ljowYkl5w4BzCp,hh06,ss50711
cc19826,Mia,Lam,532hxUySMSSoMA,hh01,ss24587
cc19901,Violet,Lam,cJMtjQTvL4UDB0,hh04,ss94429
cc19953,Mia,Smith,11dF4qAoRlNZhH,hh03,ss11647
cc20291,Mia,Dyson,jylbXUke0QKGuD,hh07,ss94429
cc20464,Phoenix,T'Pau,m2tzT3Uci8nL51,hh06,ss78139
cc20788,Mia,Flynn,LQ7Ahyo7XABwNf,hh07,ss38179
cc21187,Sage,Frost,rfxq8Id3fBeBTC,hh03,ss85838
cc21209,Emmie,Sparrow,lwr4NwyxDeBQvM,hh03,ss59760
cc21488,Lenny,Patel,1NuPSu2gj4gx8o,hh07,ss78139
cc21611,Lysa,Sparks,jIn18z6G9SDREp,hh07,ss93885
cc21885,Mia,Foster,LIJveEWbaL0NvN,hh05,ss93885
cc22051,Samantha,Sparrow,xB7IHQnpOsNoel,hh03,ss85838
cc22181,Sasha,Flynn,g7YGx6kqjFObY6,hh03,ss93991
cc22340,Sage,Daniels,TJtdSD8vx0gIOl,hh06,ss11647
cc22382,Samantha,Davila,oZNo2AXe2L9GcR,hh02,ss93885
cc22522,Sarina,Davison,5hqmprOoybu6Kv,hh07,ss11647
cc22701,Sasha,Kelso,j25GJZ9az3QgIc,hh00,ss11647
cc22731,Mia,Drake,c4TZvceO7xK09m,hh06,ss66747
cc22843,Sage,Davison,fveqyaos3G09GK,hh02,ss93991
cc22888,Haley,Flynn,KHh9Ou9IM8Vs0d,hh02,ss50711
cc23188,Eve,Wyatt,Jp6Z2iFa94Q8M3,hh00,ss78139
cc23423,Mia,Flynn,nuZ8Ome7S2ALSU,hh04,ss24629
cc23836,Mia,Sparks,v4fOffeYbeUESc,hh01,ss26649
cc24014,Emmie,Davison,WUguTqGWdIQ4cw,hh06,ss38179
cc24114,Mia,Sparks,9vhQYF2pHN6OPi,hh05,ss50711
cc24141,Sasha,Flynn,Am1gfRXKx6O9Of,hh02,ss24629
cc24425,Nova,Baker,G4L2NKtkvzk2Fh,hh05,ss59760
cc24561,Mia,Flynn,3hByXa47BXyFlv,hh05,ss66747
cc24664, Jax,Lam,J6xB57kD8g1Nnl,hh04,ss26649
cc24779,Sage,T'Pau,8X8ff0XJSCCWI7,hh03,ss17152
cc24885,Sasha,Smith,yb6bHPq54ACdnp,hh02,ss87849
cc25000,Alien,Hendrix,gU50vHoZ15XgjJ,hh02,ss66747
cc25034,Zoe,Davison,4S2CwMKyOOPJOK,hh06,ss78139
cc25198,Sage,Finch,5I6dfJqtWOiM3w,hh05,ss17152
cc25562,Haley,Drake,9uBmy2LfgkmDqx,hh04,ss24629
cc25680,Haley,Reeves,R6gvsHwd0SZxd5,hh01,ss94429
cc25687,Mia,Davison,Mbv2lxzfrlq6AS,hh07,ss49685
cc25814,Lysander,Lam,jjge1tNP0qpNHc,hh01,ss39663
cc25978,Nina,Smythe,3iDhlM7JgOd21W,hh04,ss24629
cc26372,Gertrude,Davila,8dVFRETkhKObFr,hh06,ss85838
cc26409,Sage,Foster,S0OksscOr35pgo,hh00,ss93991
cc26779,Luna,Sparrow,bzhLLvEk4T0yOT,hh04,ss24629
cc27049,Sai,Davila,t1Hr7O3JQcAN3Y,hh07,ss93885
cc27116,Lenny,Daniels,379psvfwYQ5X1G,hh04,ss24587
cc27608,Lenny,Davies,yfCFsmTkF9XQwg,hh02,ss87849
cc27876,Mia,Drake,63xOBQTrlsfJRF,hh01,ss87849
cc28340,Ray,Sparks,qTGN8SHt8CEHti,hh00,ss94429
cc28371,Sage,Finch,f93h3k3b6WBi4O,hh07,ss85211
cc28421,Samantha,Fitzgerald,aAVcjWAtPD1izH,hh02,ss85211
cc29095,Sage,Smith,4iSLodpmiCZkQp,hh01,ss93991
cc29126,Mia,Davison,m0AJLJiQI4Hehl,hh05,ss24629
cc30223,Samantha,Sparks,1rUuDUX8eubN0V,hh07,ss35408
cc30366,Sasha,Davison,5pUJ1lznaWMwUI,hh06,ss11647
cc30960,Luna,Foster,u6xFhvYX9Vew3S,hh04,ss39663
cc30968,Lenny,Sparks,bnE0rhV7LM0AZj,hh03,ss24629
cc31078,Lenny,Tarkov,ChbmMygi736G8b,hh03,ss24587
cc31094,Sasha,Sparrow,t98UMDoqsESMOZ,hh06,ss93885
cc31096,Mia,Smythe,3OqGzaLXhbWNEC,hh02,ss66747
cc31374,Mia,Daniels,7cp9FCmjludjRf,hh06,ss87849
cc31487,Nina,Daniels,GVGLWasHenM9KS,hh01,ss87849
cc31492,Lysa,Fitzgerald,6gTcYguUcEDmTq,hh07,ss85211
cc31517,Sasha,Blum,yMS4XQYj13JcnZ,hh00,ss17152
cc31672,Sasha,Lam,1xBzH9uAlHgdZS,hh00,ss49685
cc31714,Karen,Sparks,EOT78wrX4PKspx,hh07,ss17152
cc31717,Mia,Smith,GshfDxlRBGn4RK,hh06,ss17152
cc31872,Samantha,Davila,hFv0AKbj6bh8Yq,hh06,ss85838
cc32164,Haley,Davison,BizG7Akr3eq3ys,hh07,ss78139
cc32198,Luna,Reeves,AbsHjUAq9feQgf,hh06,ss87849
cc32487,Lenny,Lam,jSFTRLXqp8P7Vh,hh02,ss93991
cc32580,Lenny,Drake,O7MQG8BCLvPCzs,hh07,ss78139
cc32800,Mia,Flynn,xVP6rpwcUfGLJL,hh04,ss24587
cc32868,Character,Lam,azXZzM3T3ddeGG,hh07,ss78139
cc32927,Lenny,Davila,mgoomloZL6MWJG,hh04,ss35408
cc32995,Mia,Daniels,dHbCQ8uNJuyINx,hh03,ss93991
cc33098,Luna,Davison,27rSrKeB3ONWU7,hh04,ss50711
cc33103,Mae,T'Pau,G40xn3Ad4YBybG,hh00,ss66747
cc33383,Sage,Davila,BO1OXSLg2UnjH8,hh05,ss93885
cc33423,Mia,Dresden,ODGlUkyEI9LPnH,hh07,ss66747
cc33458,Sasha,Drake,wr130ssJMER2Ai,hh07,ss93991
cc33652,Emmie,Davison,mvPAu2PH3Rr0lp,hh01,ss50711
cc33706,Luna,Smythe,yRMfLKT52jCCiG,hh04,ss49685
cc33819,Mia,Dyson,cJo6mwaHfnOOBM,hh01,ss50711
cc33964,Mia,Davies,vN4gOrGcCMsSVJ,hh06,ss94429
cc33972,Haley,Foster,WcJUmAMd7JqfoJ,hh07,ss85211
cc34033,Luna,Rook,4maPE1vGaa0M9b,hh00,ss24587
cc34188,Sage,Sparrow,0XRLyhJEiOyXoz,hh04,ss49685
cc34272,Sasha,Davison,77TUKEKbUglTD8,hh00,ss17152
cc34274,Luna,Radek,V71KqFkz6MZ5eo,hh07,ss49685
cc34311,Emmie,Daniels,pb6arf0EkXZxfE,hh04,ss17152
cc34462,Eve,Willis,3wWfDVLJtwRx63,hh04,ss87849
cc34901,Mia,Daniels,t0txtEOWW3WL44,hh02,ss85211
cc35087,Nina,Salvador,O7OdOyMdcDbJKe,hh06,ss17152
cc35172,Sage,Goo,88TK6NPps2qM9y,hh06,ss87849
cc35307,Lenny,Sparrow,y1RCemSXvaVIVc,hh05,ss49685
cc35700,Mia,Davison,9E9vdovuqHPbjn,hh02,ss50711
cc35724,Nina,Sparrow,x2drrGn6g0RomO,hh03,ss49685
cc35757,Mia,Kline,3Op4PaLGI5zM1m,hh04,ss26649
cc35953,Lenny,Truong,iWcdoWIW1L95Yf,hh05,ss59760
cc36542,Mira,Fitzgerald,p3tvwsAGsENc7z,hh00,ss85211
cc36810,Sage,T'Pau,4mDQWwYKc0otuZ,hh07,ss87849
cc36845,Lenny,Stark,2gHKeKUtKbyZHd,hh00,ss24587
cc36947,Mia,Daniels,FeYRdlvv5QNxoV,hh01,ss24629
cc37062,Nina,Fitzgerald,E7Vxj6Cm6JrMhJ,hh07,ss39663
cc37318,Lenny,Reeves,KOFMgTTf4AT7oO,hh07,ss38179
cc37322,Haley,Smythe,3nz0pHo8p0FSdw,hh02,ss38179
cc37363,Haley,Boo,rxmoed3s3Lq3Rz,hh04,ss35408
cc37385,Samantha,Davison,VxsFYDeu4mTr7b,hh01,ss35408
cc37389,Sage,Smith,50RV6Fe4cPGqMF,hh07,ss24629
cc37496,Mira,Rutherford,3SWgZQJbRiO65z,hh01,ss24587
cc37578,Sage,T'Pau,T9bBcnIBTQZAQm,hh07,ss94429
cc37847,Karen,Davies,9poYoIBev36OaG,hh04,ss94429
cc37907,Mia,Wong,gD2pyFP88jM8AS,hh02,ss87849
cc38259,Lenny,Dern,wnHMVyCn4LNDoc,hh05,ss85838
cc38281,Mia,T'Pau,1JZ3WwyBSYXJUj,hh02,ss93991
cc38312,Lenny,T'Pau,nFimtsGzq53Lfy,hh04,ss93991
cc38384,Samantha,Dalton,A60qSIrtr3tJJs,hh07,ss49685
cc38451,Mia,T'Pau,V4hS1n7iEZmqsV,hh01,ss49685
cc38645,Mia,D'Angelo,EQ9o8LPfS8zFRA,hh02,ss35408
cc38731,Luna,Drake,6T8FawMf0YWUYy,hh03,ss17152
cc39277,Emmaline,Help,BV5VsRWdz728iZ,hh07,ss38179
cc39462,Nova,Help,PrKWZsvPp95zn2,hh03,ss87849
cc39695,Mia,Nope,1G4kGVjx04b9Pi,hh06,ss38179
cc39760,Lenny,Fitzgerald,FL7PYzya5KfpWL,hh04,ss59760
cc39787,Sasha,Flynn,9tRJVMrgX6NL8o,hh06,ss17152
cc39843,Luna,Davison,IfuJgxA94YXdpg,hh06,ss38179
cc39902,Mia,Drake,q5mDouOR2MFB5k,hh06,ss11647
cc39945,Eve,T'Pau,hoM2G8b6j89mqM,hh03,ss93991
cc39961,Samantha,Robinson,U6xGbqfu0Qq3NM,hh05,ss93885
cc40014,Sage,Sparrow,6GN1UmutfgnPgh,hh04,ss93991
cc40255,Sage,Morrow,2kZ9jU909Pfmi0,hh04,ss93991
cc40364,Emmie,Drake,fj6cpdXpT1aqk4,hh07,ss39663
cc40426,Lenny,Dresden,hDww0LyduZ97rZ,hh04,ss35408
cc40483,Lenny,Sparks,5xFRwOhVZvwif6,hh07,ss93885
cc40707,Lysa,Sparks,ivsAq6j2f332FN,hh02,ss66747
cc40962,Lenny,Davison,qos1LOEpE3KtHP,hh05,ss78139
cc40968,Mia,Smith,js3fGdNouScQgi,hh06,ss24587
cc41322,Lenny,Smith,8h7D8oz6SIK1Y0,hh04,ss50711
cc41455,Mia,Foster,Tb4CqkLzbIoUdn,hh02,ss93885
cc41655,Mira,Davila,HOy5Vqmf0b5VuI,hh05,ss78139
cc41664,Haley,Davison,vsyGG9Paw04vbd,hh05,ss78139
cc41724,Mia,Flynn,DUZgTsuu37uNAS,hh02,ss94429
cc42012,Luna,Flynn,cT08XRsW8JeGxR,hh05,ss11647
cc42132,Zeb,Santos,AjFdbTstTF6BwJ,hh03,ss85838
cc42160,Mia,Daniels,YWx85NkaO4ZSbT,hh03,ss11647
cc42532,Mia,Dern,fGi0H4s86bTtXD,hh00,ss39663
cc42694,Sage,Sparks,zNABbAJs3EamIY,hh05,ss94429
cc43099,Mia,Help,Av6li8CkGn0M1E,hh03,ss26649
cc43191,Sage,Hendrix,anqduycdW5S8Pz,hh03,ss50711
cc43346,Mia,Lam,2RLw5tWApGNrGV,hh05,ss11647
cc43944,Sage,Help,OUoha66X2penmI,hh00,ss35408
cc43964,Haley,T'Pau,G2slEop20cBoty,hh06,ss26649
cc44000,Mia,Sparks,4QLm8iPga1QeQv,hh06,ss93991
cc44091,Mia,Kirk,z8GcHPefFKxkc8,hh02,ss87849
cc44148,Lenny,Smith,ESEmmitNRV6Pbx,hh01,ss66747
cc44260,Sasha,Davies,c2ACACkgw8Onaa,hh02,ss78139
cc44325,Mia,Daniels,zE0xhFABTvu4Mu,hh07,ss11647
cc44371,Mia,Hendrix,wrHCkt6897q5AG,hh00,ss24587
cc44667,Sasha,Dyson,FmpKbUSkgM3wux,hh06,ss50711
cc44781,Goyle,Stark,jfKBoqFoV4ZCWh,hh02,ss85211
cc45133,Emmie,Sparks,q8K2icdvCecvze,hh04,ss93991
cc45497,Nina,Davison,AQ8BbpuKcOtG0o,hh07,ss50711
cc45605,Sasha,Sparrow,R85wGv0VDgqRVv,hh06,ss50711
cc45853,Haley,Fitzgerald,4ClNENmnou9KmK,hh01,ss49685
cc46118,Nova,T'Pau,zBFRSVtEYU29Dj,hh04,ss50711
cc46255,Mia,Sparks,5Z5KYriuWQy70B,hh06,ss85838
cc46461,Sarina,Daniels,SYCwOgVpbWKs88,hh00,ss26649
cc46703,Lenny,Davison,ZbuG0qqZY09to8,hh04,ss87849
cc47050,Karen,Waters,uesKkpVDkJ0GPS,hh04,ss59760
cc47182,Sasha,Lam,08cemLWvXV4UQd,hh02,ss49685
cc47206,Haley,Davison,CFLpV12n0F8JyM,hh07,ss59760
cc47275,Luna,Davison,4zHQRiCpOdm86J,hh01,ss85838
cc47489,Mia,Davison,6lTSJbwSvsJfjz,hh07,ss38179
cc47802,Mia,Alien,e8Y6qhhEwe6lt3,hh06,ss94429
cc47848,Sasha,Lam,35p7kYuiURVLVJ,hh06,ss39663
cc47937,Lenny,Sparks,4QAsZc0y2LTEpF,hh02,ss35408
cc47938,No,Sparrow,00oKrQffSq2Jn4,hh02,ss93885
cc47939,Mia,Davison,g7PoPbK2ILPc0q,hh04,ss66747
cc48005,Larissa,T'Pau,V1Gs3IPqrb1jDS,hh01,ss49685
cc48311,Sarina,Brennan,C5K9xANcovlCN7,hh07,ss11647
cc48385,Mira,Smith,7KZ4dOasWalLWb,hh04,ss39663
cc48748,Nova,Robinson,4UlDkvBpA9PICq,hh03,ss24587
cc48857,Alana,Sparks,fnn0zWnkINN4vi,hh03,ss50711
cc49240,Luna,Flynn,DNV2Z8HfYAxenD,hh01,ss24629
cc49258,Haley,Davison,Dym2crOs7LA1sg,hh05,ss78139
cc49392,Karen,Smythe,WerNDQ0eb1LJpU,hh07,ss50711
cc49608,Mia,Daniels,Tz3hEhAloVeU8a,hh05,ss35408
cc49824,Sage,Smith,8x2vPpt4MxQ5ql,hh05,ss66747
cc49844,Emmie,Davison,iMCYPg7s2oGMQx,hh07,ss39663
cc50106,No,Davison,R6ZvQ6plbB2oPu,hh06,ss87849
cc50110,Luna,Dyson,5XLPFhlr1XH47r,hh04,ss94429
cc50251,Mia,Davison,wU5zbrdd3aIoqG,hh06,ss24629
cc50499,Jax,Davies,mRU1FzINBNBtEN,hh05,ss35408
cc50614,Lenny,Wong,fR3CCxTmRjI41U,hh03,ss85211
cc50939,Haley,Flynn,dGiJMVuvk4MjHV,hh03,ss66747
cc50984,Haley,Davison,hzRUOUiv9AT7ec,hh04,ss94429
cc51299,Sage,Smythe,k1S681g4SKEv6N,hh07,ss39663
cc51406,Maeve,Robinson,HbXZiwX3a0Lrqm,hh06,ss39663
cc51657,Mia,Daniels,30FZU0otuwT1tv,hh00,ss38179
cc51783,Mia,Lam,X5FlEvTyJP3wwC,hh00,ss26649
cc51811,Mia,Davison,n98jCHe824sSfd,hh02,ss24587
cc51825,Emmie,T'Pau,4FvnkExJaV1wTo,hh02,ss93885
cc51853,Lenny,Sparrow,4Cfea5cTvEOWI6,hh04,ss66747
cc51929,Haley,Lam,ylH4xhO1863toN,hh00,ss59760
cc51999,Mia,Flynn,f89e3U7tZMaAax,hh04,ss35408
cc52067,Samantha,Sparks,24KFZXoL5YgfGy,hh04,ss24587
cc52216,Mia,Dax,WQjSbidH9MKTxQ,hh05,ss87849
cc52351,Lysa,Robinson,Nh5oJrGJo0dYhS,hh02,ss24587
cc52362,Mia,Daniels,bHCl8CcF3cbLrm,hh00,ss59760
cc52440,Gerta,Gibson,42Ib25K4v0GFh4,hh03,ss26649
cc52838,Luna,Sparrow,1OVnaZRoYJMpWp,hh00,ss59760
cc52844,Sophia,Daniels,01CbAnRmxPQfe8,hh03,ss24629
cc53124,Sage,Flynn,vOtpJVUbGXg7e4,hh04,ss59760
cc53747,Mia,Masterson,WbwohrEl3iVZB8,hh02,ss66747
cc53973,Luna,Davies,0FiAj3ws4cnRJn,hh04,ss50711
cc54001,Sage,Smith,R0QHcyFHSLgNvn,hh06,ss94429
cc54043,Samantha,Sparks,853zZc8wRxlWTa,hh05,ss11647
cc54922,Luna,Davison,xJ2XHwFrTdwqtE,hh05,ss49685
cc55013,Mia,Reeves,p6P72CIxGAtZO0,hh03,ss78139
cc55350,Luna,Davison,I5MSpjONRRgVUX,hh06,ss85838
cc55496,Mia,Davies,MEG351agk4wOY8,hh06,ss87849
cc55516,Alana,Frost,2VVXFGGpKlhFQr,hh04,ss85211
cc55544,Mia,Flynn,cDj7wXSy7A2l8u,hh00,ss24587
cc55764,Mia,Sparks,E2k4oolbTPsgrV,hh06,ss85211
cc55863,Zeb,T'Pau,07QQVrvll72nyg,hh00,ss59760
cc55929,Lysa,Baker,0QWMT2qgsqEtU2,hh04,ss66747
cc56198,Mia,Clayton,Me8jWRfR0b7PSc,hh02,ss49685
cc56242,Lydia,Reeves,gk8EjTKf2kvtu9,hh07,ss93885
cc56637,Sage,Flynn,XU1NOfAx5L0I7Y,hh04,ss17152
cc56953,Luna,Daniels,gclCEiObzL0JpV,hh04,ss85211
cc57092,Dax,Dern,0OGVM26N6ejwxD,hh02,ss11647
cc57579,Mia,Davison,LWv7ForuLHGkXa,hh03,ss35408
cc57908,Kira,Davison,8abbH9Uj4WMuTU,hh04,ss59760
cc57983,Mia,Wong,Bjp4FQIExTrkRk,hh01,ss66747
cc58103,Violet,Robinson,RbKFYfWcyH5xgI,hh05,ss93885
cc58189,Sarina,Flynn,641kicpHMLDlEu,hh01,ss93885
cc58323,Mia,T'Pau,MmuOd2wES2kGXl,hh00,ss94429
cc58437,Mia,Flynn,41L9Z6go0cuEgF,hh00,ss17152
cc58589,Lysa,Drake,IvhKWnLNU42JKg,hh04,ss49685
cc58763,Emmie,Davison,95BfIOauW6ZDMA,hh02,ss93885
cc58936,Mia,Davison,Sr6S6JhVqU3Rub,hh00,ss50711
cc59029,Mia,Lam,3Enexx72G8rzvs,hh02,ss49685
cc59081,Nova,Tavistock,jzQsPoBlTa96GB,hh03,ss35408
cc59163,Astrid,Smith,Tn65zO6eOLxC4w,hh03,ss59760
cc59210,Sasha,Takahashi,1RY5TuTmdK7ckq,hh06,ss66747
cc59560,Samantha,Davison,99T1zXCb7JsZz6,hh05,ss38179
cc59565,Lenny,Sparrow,kWwUYM809PakMq,hh03,ss93885
cc59574,Mia,Crichton,wnVJbkZh6h4Sdv,hh03,ss49685
cc59734,Lenny,Sparks,aXWeZzPj48Umtu,hh01,ss49685
cc59959,Mia,Kirk,WYDseDjd1JEKiS,hh00,ss66747
cc60076,Luna,Davison,T4gajqKvQJEtKQ,hh04,ss93991
cc60359,Mia,Sparrow,uQ1Y57Rc0SCgWi,hh04,ss93991
cc60810,Mia,Smith,q1nctoC0wwELuN,hh05,ss11647
cc60974,Lenny,Davison,xCbtsSHsu95Lzs,hh04,ss85211
cc61186,Sarina,Frost,VBLOO8Fqk849dj,hh07,ss17152
cc61640,Mia,Sparks,tWr3LaO10nvcpQ,hh00,ss78139
cc61761,Mia,Drake,7Mfax9kmz3msPC,hh01,ss17152
cc62047,Mia,Davison,AYCfAWWL6jr8sk,hh06,ss94429
cc62141,Sasha,Davison,8GqV3cvkuDUOCB,hh06,ss94429
cc62276,Sasha,T'Pau,NDvWGL3i60j6Qc,hh03,ss78139
cc62792,Samantha,Wyatt,Bv8REFCE1gXHQi,hh03,ss93885
cc62936,Haley,Hendrix,H0FSBbaTEV9nXa,hh01,ss93991
cc63023,Ethan,Davila,Q7MGJoZeEcOPPe,hh01,ss85838
cc63330,Mia,Zeb,NjU6VCFJp48uBv,hh04,ss66747
cc63345,Nova,Dyson,ysKfGNOfH4kgJP,hh02,ss17152
cc63438,Haley,Drake,T4OWxfmQ1PIYGd,hh06,ss39663
cc63498,Luna,Kirk,Uq1A4pbyeRgNQD,hh03,ss38179
cc63580,Mia,Daniels,EM43JNwXWUkGvH,hh02,ss11647
cc63613,Mia,Smythe,7J8FDiicNW1LBG,hh07,ss35408
cc64053,Mia,Sparks,scq9Hjtou43gzE,hh01,ss49685
cc64139,Lenny,Flynn,OOEks6572cWIBu,hh03,ss78139
cc64196,Mia,Fry,6qwSonH0W00ZiS,hh03,ss78139
cc64328,Lenny,Daniels,zxmlO3Nk3sCZPu,hh03,ss59760
cc64656,Luna,Flynn,59RMOHsLsJkGvA,hh00,ss11647
cc64947,Mia,Davison,sx4LpfdLAf2MJj,hh06,ss94429
cc65075,Mia,Sparrow,PzVsLxEd2uwpBY,hh01,ss24587
cc65133,Sage,Sparrow,Pck8ETmq0GjphQ,hh07,ss87849
cc65155,Mia,Lam,1eRRzFsxk4IS3l,hh00,ss85838
cc65188,Sage,Sparks,FNLRSxdC0oto9M,hh03,ss50711
cc65340,Sage,Daniels,A20XzLquqPYaEK,hh01,ss50711
cc65368,Sarina,Davison,X2PsNgXbqT8YDG,hh05,ss11647
cc65491,Mia,Sparks,t8AYR3N4dbMDUY,hh00,ss94429
cc65493,Mia,Mclean,y3GLzk1gn9VXWz,hh02,ss49685
cc65588,Mia,Moriarty,GXeJSJo5yM6zxI,hh05,ss87849
cc65594,Mia,Sparks,Y3pLazqbYlMN1c,hh06,ss38179
cc65824,Sage,Davison,55wiV0RD8CN2hO,hh00,ss35408
cc65903,Sage,Riddle,wUrm9hyw2CnTgG,hh04,ss93885
cc65959,Mia,Sparks,Q9m7HDtVuRBzTa,hh02,ss11647
cc65962,Mia,Smythe,74hnax2qVXngkW,hh04,ss11647
cc65974,Jim,Radek,e8CXuJJnuYuaRV,hh05,ss87849
cc66018,Nova,T'Pau,RcYuF33jfUHj4N,hh04,ss17152
cc66041,Astrid,Davison,pj3K92CUMvnDtF,hh06,ss24587
cc66146,Lenny,Takahashi,5CwAW8fES7ilHD,hh07,ss26649
cc66383,Sage,Lam,5hD5HKf6rlXxXD,hh06,ss24629
cc66423,Mia,T'Pau,5kQTvOkligG1Ym,hh04,ss49685
cc66514,Sage,Davison,hQv9iR6yNryh84,hh06,ss24629
cc66543,Emmie,Frost,QAIRpDWO482tjY,hh04,ss49685
cc66600,Mia,Sparks,ZjEREiNa9SlOnh,hh03,ss24629
cc66612,Luna,Hendrix,1bZ5JfZ57WisxL,hh01,ss94429
cc66725,Mia,Hale,Wd6RYsaqJf8YpV,hh03,ss35408
cc66805,Mia,Drake,vqIH4bdI4vn66R,hh03,ss39663
cc66809,Sasha,Sparks,2PTrHA7ZdSE88g,hh01,ss50711
cc66852,Mia,Help,6zEHTg0CFNWgEm,hh07,ss85211
cc66854,Mia,Zeb,dAGAvfDk1fF6RC,hh03,ss94429
cc66997,Luna,Daniels,h2Y8tI5X9fzMIm,hh07,ss26649
cc67102,Luna,Foster,Bzcfj1flHaOUxj,hh06,ss50711
cc67120,Mia,Daniels,rbx9gz8WE2hQRH,hh03,ss35408
cc67147,Mia,Davison,kHVCEMlkv8hOqq,hh02,ss26649
cc67465,Luna,Sparks,qYM5AO41gkegYI,hh03,ss59760
cc67686,Samantha,Smith,tzaLfzKN74SkVs,hh01,ss66747
cc67751,Mia,T'Pau,vCiiYwD92SFMe9,hh01,ss93885
cc68332,Mia,Sparks,Twv9SItAS59YMV,hh01,ss93885
cc68565,Sasha,Reynolds,vf26tqMpdQz2Db,hh06,ss59760
cc68791,Mia,Davison,KjaMdlOpF4CyY4,hh01,ss35408
cc68850,Gerta,Foster,g7uC2OtcMJKkvC,hh06,ss85211
cc69093,Nova,Flynn,s3riEwKK8g17x7,hh01,ss24629
cc69103,Luna,Sparks,7hGTAvhfvC6V34,hh02,ss24587
cc69694,Mia,T'Pau,4UQpAquqxK4S0u,hh03,ss26649
cc69785,Talia,Santos,7VYWvhL43WpNaq,hh05,ss24587
cc69866,No,Smythe,1BcPw4lcnZCzm4,hh02,ss35408
cc69950,Karen,Davison,xEY3wIQqda72Ez,hh00,ss35408
cc70108,Violet,Shaw,9GawHNwuH4jEG7,hh05,ss35408
cc70374,Sage,Kirk,1pWxWcCuUspjPj,hh07,ss39663
cc70663,Mira,Reed,7OPxKHBO420kDO,hh00,ss93885
cc70900,Lenny,Kirk,D1HGkeyY6a9OYm,hh07,ss78139
cc71215,Lydia,Davison,Rb2JBkcDv0GWVB,hh05,ss24629
cc71268,Gerta,Dern,yINy0bmB1jcYkC,hh03,ss93885
cc71551,Ree,Davies,6Sm07dpwIiyAus,hh07,ss93885
cc71557,No,Moriarty,6ciTSTchQhxBBa,hh01,ss38179
cc71692,Luna,Davison,L2enJs9VWuBUGj,hh03,ss39663
cc71708,Violet,Dorsett,5rfPUoVbCfnuwA,hh04,ss85838
cc72035,Haley,Tarkovski,l115qQ9ldgU284,hh00,ss50711
cc72147,Mia,Wyatt,gjtWLdcyzN30KX,hh06,ss87849
cc72432,Mia,Hendrix,2tMDrs01g5DaLm,hh06,ss93885
cc72965,Nova,Davison,AlEzRcrtXL87nt,hh04,ss94429
cc72973,Lenny,Davies,pF7Gqbpi5MBkDs,hh04,ss35408
cc73061,Mia,Sparks,V6GcCEkfKhzK9E,hh04,ss39663
cc73115,Sarina,Reeves,C0hjyZ7tNdeYby,hh04,ss50711
cc73119,Sage,Davila,LeArI0ZM1cHLWi,hh00,ss94429
cc73200,Emmie,Sato,G0OwHWlEBYpCkZ,hh01,ss85838
cc73427,Emmie,Sparks,p95DwcDtAQ41Kl,hh06,ss49685
cc73428,Samantha,Daniels,BlYDo0eUTyC223,hh00,ss85211
cc73690,Talia,Flynn,yF7TJksjs2hmIR,hh06,ss87849
cc73894,Aurora,Sparrow,VFLDY0Mf7MfDe9,hh06,ss38179
cc74041,Sarina,Daniels,RAvnbVYZ3Iv6ym,hh04,ss94429
cc74092,Sage,Smith,3cz5O0nypM53nS,hh00,ss93885
cc74209,Samantha,Help,vTC6ththIBlsGp,hh04,ss85211
cc74379,Talia,Frost,Ql8TRgF1c3g77Z,hh07,ss94429
cc74573,Mia,Davison,BQoqXfWu70tRZl,hh03,ss66747
cc74656,Emmie,Flynn,Kdr5LKkxp4K5C9,hh03,ss94429
cc74735,Sage,Smith,905hCZciEDFOqp,hh06,ss39663
cc74775,Gorzz,Daniels,HJBeb7Mq5tM2K3,hh04,ss11647
cc75047,Lenny,Takahashi,rZu4xqOlu5LAY2,hh01,ss85211
cc75068,Emmie,Davison,y77Ujo3cSunCXx,hh07,ss87849
cc75241,Igor,Zimmer,BOjYTYsft6Nr0W,hh05,ss17152
cc75244,Sage,Davies,DiT7Z6J96aptiG,hh03,ss11647
cc75407,Mia,Flynn,LC30QIbu8KPNSk,hh05,ss35408
cc75443,No,Robinson,W9ZrAsjA7GttdT,hh01,ss39663
cc75738,Sage,T'Pau,V4lyelaQbwVEuE,hh04,ss39663
cc75753,Sasha,T'Pau,iJCnp98T7KJjzP,hh00,ss50711
cc75967,Mia,Davison,Qvb4XYWgFR8Rv9,hh06,ss85838
cc76050,Luna,Drake,Wh36M9frYftIT2,hh03,ss17152
cc76176,Nova,Davies,6SMaf4GJZ75yDz,hh02,ss17152
cc76461,Mia,T'Pau,1Y3bmPmfDSqcH7,hh06,ss59760
cc76533,Maeve,Gutierrez,HFs2vTIy4WHhP8,hh05,ss94429
cc76828,Mia,Stevens,b6TT9waXqcv7qb,hh00,ss39663
cc76958,Emmie,Chen,OxIquPGsHfDy9x,hh02,ss38179
cc76965,Sage,Sparks,12jE0ivmFBUiVM,hh00,ss49685
cc77183,Mia,Davison,OwYAlQkWbX4OQL,hh07,ss93885
cc77202,Bro,Sparks,4Y2K06zaCYDVr0,hh01,ss94429
cc77245,Sage,Smythe,99v1Wvt08FHWcb,hh03,ss66747
cc77388,Haley,Daniels,nxnv3UhL4F8YgO,hh02,ss87849
cc77473,Mia,Drake,f5V8Pu1ERr3wY2,hh04,ss17152
cc77494,Sage,Davison,Zd8FJRQBZ31Ilv,hh01,ss38179
cc77914,Mia,Smythe,8qJZNsdg4Niugb,hh07,ss87849
cc78242,No,Gibson,96Amurtcf2TB1D,hh00,ss24587
cc78243,Sage,Davison,31a670iI2VZGil,hh05,ss85211
cc78592,Sage,Drake,7KfuSdGPQu2GiX,hh02,ss17152
cc79066,Emmie,Drake,V26IzqtWpwZWlu,hh00,ss94429
cc79146,Lenny,Daniels,Gs49JllFgDi0Vr,hh02,ss11647
cc79156,Dax,Moriarty,ua7BcrfTHvRDee,hh02,ss49685
cc79181,Mia,Baker,LCwzD8cwF3Byp6,hh03,ss94429
cc79351,Mia,Sparks,D7sfbWJjLJa5Wb,hh02,ss66747
cc79451,Lenny,Foster,I9OkDmxW9QmLpD,hh03,ss11647
cc79713,Luna,Deus,6dFrhv7uITREFk,hh04,ss59760
cc79770,Nina,Sparrow,sqNcQ3Yni5HGfj,hh07,ss50711
cc80043,Jax,Davies,SHfbbYYH9MBPKe,hh01,ss17152
cc80217,Mia,Smith,pw6LdUWFakXXbp,hh06,ss11647
cc80481,Luna,Sparks,NnVTWOjIiyv4pu,hh06,ss85838
cc80604,Nina,Parks,395lO7BqbSGzRi,hh04,ss50711
cc80645,Haley,Smythe,oR7VBxsw42wCdp,hh00,ss66747
cc80683,Luna,T'Pau,0fKC4gbtbVF4q7,hh03,ss17152
cc80852,Dax,Moriarty,qYX1BlaZ3Sm7wL,hh04,ss78139
cc81013,Mia,Sparrow,N07pVKlvWDdlS4,hh04,ss35408
cc81158,Aurora,Dern,1NLZ3viD7H44xj,hh01,ss49685
cc81224,Haley,Fry,4iAW2hEwzW0MZV,hh07,ss11647
cc81276,Samantha,Daniels,XrIPKnhsH1T0Eu,hh01,ss87849
cc81378,Luna,Dern,1CB3GVsJ1LoMEJ,hh04,ss94429
cc81538,Mia,Davison,THLingHgjbisd1,hh04,ss49685
cc81614,Luna,Flynn,x2f2m9MQf7TCFy,hh01,ss93991
cc81836,Talia,Sparks,4XIMbonK2tLVVq,hh06,ss66747
cc81968,Emmie,Davison,6yAYDmIzdc2svO,hh07,ss11647
cc82045,Sasha,Sparks,9hbdjnxiup5D0R,hh05,ss24587
cc82089,Sage,Reed,1m6gBtPeXS2t4j,hh04,ss78139
cc82116,Samantha,Daniels,T8U5CTdRsOPSCu,hh04,ss50711
cc82122,Sarina,Drake,cU5ha7EfeYjCti,hh01,ss49685
cc82149,Nina,Dax,hAhZEFxI6GQywO,hh03,ss94429
cc82161,Samantha,Davila,5P89VspbsYcRZq,hh07,ss87849
cc82191,Zeb,Thorne,0VaHJ3m5mYChr5,hh05,ss38179
cc82248,Luna,Davison,3Y9ZVcc00kwaQc,hh07,ss78139
cc82365,Emmalyn,Flynn,Ku69yfkp8TEYQm,hh00,ss94429
cc82398,Sage,Sparrow,TDXzgr4F69GWRb,hh07,ss24587
cc82592,Lenny,Sparrow,gnahuJWa6MyoXP,hh02,ss24629
cc82599,No,Sparrow,4a6xDY2jwtFH3l,hh07,ss87849
cc82627,Lenny,Davison,NG9cukNl0C83TK,hh04,ss11647
cc82782,Sarina,Dax,3JzKDf3xwIrRGH,hh03,ss66747
cc82976,Lysander,Kirk,hgEkvr99c7jNvo,hh02,ss85211
cc83149,Sasha,Davila,6PGMv5W5fEw3pK,hh00,ss66747
cc83453,Mia,Flynn,DI99aUvwfBZS9W,hh05,ss59760
cc83519,Mia,Rutherford,FDXAAeiV1K1xQh,hh04,ss66747
cc83543,Sage,Hendrix,UjL11oQsCohjbV,hh03,ss26649
cc83797,Lenny,Sparrow,tPuHgYaij7BW6X,hh07,ss59760
cc83910,Nyota,Davison,GgwPPhXU4RHiQo,hh01,ss93885
cc83928,Mia,Davison,4aLWIwsJfweHdE,hh02,ss85211
cc84350,Mia,Flynn,F7PQT08G4noEGB,hh06,ss87849
cc84516,Mia,Smythe,DsGAvTpv08nQIY,hh03,ss35408
cc84926,Sage,Davies,dqklWeLK19o1lb,hh04,ss24629
cc85030,Mai,Frost,5dA9hHxPyQhAZN,hh02,ss35408
cc85276,Mia,Smith,viyrMTyaI7CGiG,hh05,ss87849
cc85295,Sage,Kane,t9qwTYbhS0vMer,hh07,ss59760
cc85304,Mia,T'Pau,hiC1WrAeY2W5Yf,hh01,ss85211
cc85397,Mia,Sparks,9HFniDRF4uKAWK,hh06,ss59760
cc85581,Emmie,Fitzgerald,ZsSc2xFx7K20B0,hh05,ss78139
cc85602,Gabby,Wong,59rsPvk2eHT9ha,hh00,ss85211
cc85642,Mia,Davison,qFaYVrqyjXe4SH,hh04,ss49685
cc86445,Sage,Smith,p1GZvm30C2xxhE,hh04,ss93885
cc86565,Lenny,Davies,KmIAkiykD4X1cZ,hh02,ss85211
cc86625,Mia,Smith,TLwZOPoyWYa3t2,hh01,ss87849
cc86640,Sasha,Smith,Sn6PMW3wQuCLNF,hh05,ss93991
cc86661,Farkle,Smith,BpG5iNOe4y8Ue2,hh01,ss38179
cc86771,Sasha,O'Dell,9Sf3rOzFQ70tQT,hh02,ss35408
cc86890,Sasha,Smith,o9a3LZcyWhS2sd,hh03,ss24587
cc87146,Shen,Masterson,XLWaxRIEV80eWr,hh00,ss93991
cc87191,Sage,Flynn,OHidYWvvHcx1NM,hh04,ss59760
cc87277,Sage,Davison,xBdEHmtp5F2ZXa,hh03,ss24587
cc87710,Sage,Robinson,u77XbgaiX1MUmc,hh02,ss50711
cc87774,Dana,Daniels,q4PEymdP8nYurj,hh02,ss94429
cc87786,Nova,Davison,OWzDrMP5Ny8eQe,hh03,ss93885
cc88137,Nova,Drake,PKROtYrnt6DCUe,hh00,ss78139
cc88137,Hug,Lam,1uAAWdzJa8eGsv,hh01,ss11647
cc88214,Samantha,Sparks,cKeAWNQA8W8PCl,hh06,ss66747
cc88274,Mia,Shaw,18wQTThfWjUkQk,hh00,ss11647
cc88333,Mia,Sparks,Xma28ZnJJa6mJQ,hh02,ss11647
cc88476,Alice,Sparks,36vthv3WfDUK3J,hh02,ss49685
cc88704,Lenny,Sparks,1VZPyizOdl3IEt,hh03,ss38179
cc88841,Lenny,Kirk,qxwsqZLML77Ris,hh06,ss93991
cc88856,Sage,Smith,QzD6GRQIu6HlRG,hh06,ss93991
cc89108,Haley,Davison,UyBKkecc2kVf00,hh03,ss17152
cc89460,Samantha,T'Soni,195HmZb5SkeCZv,hh06,ss87849
cc89896,Mia,Davison,00tgcbodTJDkOk,hh00,ss94429
cc90100,Aurora,Davison,rWs38RujuXkX4J,hh05,ss17152
cc90345,Fiona,Drake,FT2P9EdXee1Xtg,hh03,ss87849
cc90388,Mia,Kincaid,I2PVYjoxIab4vQ,hh02,ss26649
cc90403,Sarai,Sparrow,xgkZbYXzY7tuKY,hh07,ss50711
cc90538,Sage,Davison,6jC0BNAkNmiysP,hh02,ss93991
cc90681,Sage,Crichton,5u0asZs13XsZGB,hh06,ss24587
cc90827,Aurora,Davison,z8KIVC3lKQ96ku,hh01,ss94429
cc91000,Zoe,Davison,0bhOizIUdXKl1T,hh04,ss94429
cc91070,Mia,Lam,xV9LYN7up2oWPu,hh00,ss38179
cc91155,Haley,Smythe,EMJreunr803IOK,hh00,ss26649
cc91237,Sasha,Robinson,6DOziqYmQRXqcv,hh04,ss24587
cc91442,Sasha,Davies,W55OcwtuH3YCdL,hh07,ss24587
cc91456,Mia,Fitzgerald,7ddHok7C45Rmas,hh05,ss49685
cc91559,Mia,Davison,QPE7bGuXAPv9mr,hh04,ss85838
cc91661,Talia,Foster,1kMTIO6f39Ukqm,hh03,ss11647
cc91724,Lenny,Smythe,BASKqjJdc6Q2KG,hh02,ss49685
cc91920,Mira,Morrow,gY9pRDwUgoYtXd,hh05,ss85211
cc92117,Sage,Flynn,0DFceLVpBPbR2b,hh00,ss24587
cc92413,Al,Davidson,bmdDZnmj1QSHUL,hh07,ss49685
cc92420,Talia,Smythe,6KXXkdmz9rAhkP,hh06,ss17152
cc92567,Mia,Dupree,l7XjpQMieT2F4u,hh05,ss17152
cc92577,Sage,Sparks,78CDsOd2dGg3cc,hh04,ss24629
cc92654,Sage,Foster,WVL8YXqgThaUIN,hh03,ss39663
cc92694,Haley,Finch,nlR87vXo9wH0fe,hh00,ss94429
cc92751,Lenny,Tarkington,FZ5KypxG5HyAAj,hh05,ss78139
cc92846,Mia,Davies,On9MIIple5kYB5,hh04,ss66747
cc92939,Samantha,Davison,3NrlOoljYkITid,hh05,ss24587
cc93364,Lenny,T'Pau,5fPmG7Jq55ZBuO,hh04,ss26649
cc93413,Lenny,Sparks,ci6pjNkg33LRLi,hh03,ss85211
cc93435,Samantha,Foster,fEfGMvoMms4I11,hh02,ss93885
cc93538,Mia,Hendrix,KiT6CzUt90zHxm,hh00,ss78139
cc93547,Mia,Sparks,2GqhA0f6TJ17hd,hh04,ss66747
cc93626,Mia,Davison,i95460BiHrcVLf,hh02,ss11647
cc93645,Sasha,Dern,F0AOe17ZjIi3aF,hh07,ss49685
cc93656,Mia,Patel,2z1SpP6ZOR4Tky,hh03,ss50711
cc94314,Sage,Davison,2uMuTNnlryeODo,hh03,ss59760
cc94435,Nova,Sparrow,YkrZHWaw31t8nP,hh07,ss94429
cc94447,Mia,Sparks,a86iUjr2wTBEz1,hh06,ss93885
cc94502,Emmie,T'Pau,uF3AmH4XbKqWFg,hh00,ss24587
cc94548,Samantha,Foster,cJO4bY3C2EjJLK,hh03,ss59760
cc94555,Gertrude,Sparks,30FZObTa3tKGZw,hh03,ss26649
cc94574,Mia,Smythe,GcNx8Rrplc37z0,hh00,ss26649
cc94587,Sage,Smith,ZXiHKP2s4JdKsy,hh01,ss11647
cc94864,Luna,T'Pau,7PUUE6Nrxf0vpQ,hh03,ss94429
cc94941,Lysa,Davison,4Qb3Roou2T3vHr,hh01,ss39663
cc95039,Mia,Smith,37CzLFcYBMSKaY,hh03,ss17152
cc95086,Reece,Smythe,6nrCamqaGqQpRI,hh04,ss38179
cc95152,Mia,Davison,3ZbrZxKk8tvYOy,hh05,ss93885
cc95282,Mia,Drake,7fTJxtriqm2WfS,hh02,ss94429
cc95374,Lenny,Davison,r5tpzc0Z9e7Y1E,hh05,ss17152
cc95384,Sage,Smith,SrRtfdqWbW6Nwj,hh02,ss87849
cc95411,Emmalyn,Davison,3vBrrKIeQ5IRhz,hh00,ss78139
cc95420,Lenny,Sparrow,gKM7cHBx3oGixl,hh00,ss85838
cc95427,Luna,Kirk,dtGDb4NFHT2ejg,hh02,ss78139
cc95441,Mia,Fitzgerald,iolotxHurGQB3f,hh03,ss66747
cc95551,Zeb,Lam,vZJgsUOF3qxEJa,hh01,ss11647
cc95577,Mira,Smith,7rwfdZk38Ag6UI,hh03,ss50711
cc95590,NONO,Kirk,T5s4A3lyIAroFR,hh03,ss49685
cc95644,Haley,Davison,kXiO5lJvLdAT5U,hh01,ss94429
cc95905,Mia,Flynn,IvC4FSn6m2fWKq,hh05,ss93885
cc96511,Sasha,Baker,qNjf72RnUfc5dt,hh01,ss87849
cc96521,Lysa,Flynn,ODiGyj0P3htt23,hh04,ss26649
cc96771,Sage,Fry,YJl7xbOTQ9WygZ,hh01,ss39663
cc96926,Sage,Fitzgerald,2a6z4ap8L2F3b9,hh07,ss85211
cc96961,Samantha,T'Pau,U6JJbP7t3UkdFQ,hh06,ss93885
cc96977,Mia,T'Pau,g28jPbQhaBPWKm,hh00,ss93991
cc97180,Mia,Frost,5VRmz2Kvw4IjDU,hh05,ss50711
cc97197,Mia,Drake,m5Q00fJbZ4MhVW,hh03,ss85211
cc97326,Lenny,Davison,4Pvla7hl4MC7xE,hh02,ss78139
cc97384,Mia,Sparrow,O7suAvpUlJX41A,hh05,ss49685
cc97593,Eve,Davison,lCjKecVWrS7EMZ,hh03,ss94429
cc97684,Lenny,Sparrow,scsrcGGq9STU4X,hh04,ss93885
cc97783,Mia,Sparks,2u7LaPuNJkPpz9,hh07,ss11647
cc97968,Sarina,Flynn,qGWy2AsJ0ytNLj,hh03,ss24629
cc98184,Mia,Sparrow,XuHSO6SmEkVjJm,hh05,ss24587
cc98263,Talia,Davison,biJ6fXviX6Mzwa,hh02,ss85211
cc98643,Lenny,Dyson,30kTre8m4LxY8i,hh02,ss66747
cc98683,Lenny,Davison,t4JAyoHMjkksml,hh07,ss35408
cc98856,Sage,Sparks,n8IXRopavbrH7l,hh01,ss26649
cc99150,Boo,Davison,J7JRqzAlZ7bF90,hh06,ss26649
cc99425,Sage,Davison,105lQf7M2jK7sQ,hh03,ss93885
cc99876,Mia,Sparks,jMB3HRnun8zHdM,hh04,ss39663
cc99883,Talia,Flynn,X0Yeo6FOAhkLPe,hh07,ss24587
