Target ID,Target First Names,Target Last Names,Occupation,Dead or Alive,Planet ID,Client ID,Mercenary ID,Species ID
tt23178,Pearson,Booboo,Automotive engineer,1,pp16634,cc33706,mm65453,ss66747
tt44018,Gibson,Bengali,Call centre manager,3,pp96732,cc69694,mm49841,ss94429
tt88720,Walker,Lithuanian,Theme park manager,3,pp65812,cc69785,mm88309,ss24629
tt22156,Oconnell,Haitian,Editorial assistant,1,pp22862,cc77388,mm21896,ss24587
tt31119,Cummings,Tsonga,Designer,2,pp64276,cc31096,mm81479,ss93885
tt77589,Arellano,Booboo,Programme researcher,2,pp53687,cc56953,mm98626,ss49685
tt96354,Jones,Afrikaans,Restaurant manager,1,pp78254,cc95039,mm36210,ss24587
tt32663,Nichols,Amharic,Advertising account executive,3,pp40994,cc15288,mm16302,ss39663
tt52909,Dodson,Kirghiz,Therapist,1,pp76366,cc88137,mm18267,ss87849
tt86525,Rice,Booboo,Engineer,2,pp51242,cc21488,mm55270,ss39663
tt92302,Wilson,Fijian,Editor,3,pp82549,cc67120,mm78372,ss39663
tt55881,Christensen,Turkmen,Energy engineer,2,pp78254,cc91237,mm98626,ss38179
tt11719,Young,Sanskrit,IT sales professional,2,pp76366,cc81013,mm30326,ss93885
tt61410,Ellis,Fulah,Office manager,2,pp76472,cc82976,mm33260,ss85838
tt15081,Dunn,Walloon,Horticultural therapist,3,pp64276,cc44000,mm80754,ss78139
tt36838,Wright,Akan,Air cabin crew,2,pp28186,cc76965,mm78372,ss49685
tt87630,Salas,Ndonga,Diagnostic radiographer,3,pp22862,cc33964,mm99130,ss85838
tt61206,Trujillo,Cornish,Pathologist,2,pp76472,cc37322,mm16302,ss11647
tt27171,Wilkins,Tajik,Herbalist,2,pp64276,cc49392,mm35488,ss87849
tt79930,Watson,Tagalog,Furniture conservator/restorer,1,pp67730,cc65959,mm28045,ss24629
tt87893,Moore,Shona,Higher education careers adviser,1,pp29010,cc94447,mm97506,ss85838
tt80590,Carney,Haitian,Dietitian,3,pp53687,cc85602,mm19001,ss49685
tt64118,Alvarez,Kannada,Surveyor,1,pp51242,cc56242,mm88364,ss39663
tt78161,White,Aymara,Herbalist,1,pp47900,cc10343,mm80754,ss66747
tt64685,Joyce,Avestan,Acupuncturist,2,pp96732,cc58323,mm28045,ss94429
tt31153,Bishop,Kurdish,Chief Executive Officer,1,pp71735,cc65133,mm61343,ss35408
tt88690,Whitehead,Abkhazian,Investment banker,2,pp47900,cc37062,mm98626,ss94429
tt21838,Humphrey,Galician,Furniture conservator/restorer,1,pp65812,cc86625,mm22881,ss87849
tt54394,Clarke,Chichewa,Engineer,1,pp65812,cc12005,mm83499,ss50711
tt97177,Dixon,Chamorro,Medical laboratory scientific officer,3,pp40994,cc40962,mm83333,ss59760
tt26439,Lopez,Norwegian,Arboriculturist,1,pp29010,cc84516,mm88364,ss24629
tt33622,Thompson,Panjabi,Telecommunications researcher,3,pp76366,cc68850,mm18267,ss85838
tt32762,Jenkins,Manx,Games developer,2,pp32308,cc46118,mm83499,ss26649
tt70143,Bridges,Hextorus,Energy manager,1,pp51242,cc92939,mm68282,ss85838
tt66212,Huff,Lithuanian,Theatre stage manager,2,pp47900,cc59565,mm52265,ss39663
tt67139,Bass,Lithuanian,Oncologist,1,pp76366,cc51811,mm52675,ss17152
tt55373,Green,Chichewa,Community education officer,2,pp16634,cc31374,mm69209,ss38179
tt88399,Keith,Dutch,Museum/gallery conservator,3,pp47900,cc86640,mm46173,ss24587
tt11358,Rice,Arabic,Editor,3,pp47900,cc47489,mm76860,ss85211
tt90999,Harris,Breton,Chartered certified accountant,1,pp67730,cc74209,mm54705,ss85211
tt92703,Hanson,Ojibwa,Acupuncturist,1,pp29010,cc92751,mm44157,ss93991
tt94041,Walker,Avaric,Scientist,1,pp53687,cc94941,mm22881,ss24587
tt46496,White,Welsh,Public relations officer,3,pp16634,cc24664,mm93066,ss17152
tt35789,Best,Spanish,Surveyor,2,pp78254,cc31078,mm83499,ss93885
tt24941,Richards,Dutch,Podiatrist,2,pp40994,cc82248,mm61343,ss94429
tt33760,Garcia,Tamil,Fisheries officer,3,pp78254,cc20788,mm19001,ss24587
tt13350,Mccall,Macedonian,Sound technician,2,pp65812,cc34274,mm81695,ss11647
tt26135,Carpenter,Kuanyama,Forensic psychologist,1,pp53687,cc12693,mm22881,ss94429
tt25423,Williams,Booboo,Audiological scientist,2,pp76366,cc57092,mm21896,ss26649
tt28919,Hammond,Avaric,Sound technician,3,pp40994,cc50251,mm27685,ss85838
tt42742,Gonzalez,Bislama,Warden/ranger,3,pp78254,cc21209,mm33260,ss24587
tt52177,Mcguire,Dutch,Financial controller,2,pp76366,cc46461,mm12725,ss78139
tt23894,Rogers,Nauru,Warehouse manager,2,pp76472,cc32580,mm68800,ss24629
tt63965,Martin,Icelandic,Osteopath,1,pp71735,cc43944,mm35488,ss78139
tt62007,Edwards,English,Psychologist,3,pp32308,cc44325,mm33260,ss94429
tt41824,Jackson,Thai,Historic buildings inspector/conservation officer,3,pp22862,cc49608,mm84366,ss59760
tt79099,Kaufman,Malagasy,Warden/ranger,3,pp22862,cc66852,mm87557,ss94429
tt40129,Mitchell,Tibetan,Product/process development scientist,2,pp22862,cc82782,mm13908,ss78139
tt61908,Shah,Corsican,Technical brewer,1,pp29010,cc52351,mm80754,ss35408
tt63114,Little,Chechen,Commercial art gallery manager,2,pp64276,cc82161,mm83499,ss66747
tt92645,Morris,Ndonga,Exercise physiologist,2,pp76366,cc31872,mm27685,ss59760
tt77778,Pacheco,Hectorng,Operational investment banker,3,pp96732,cc95374,mm50023,ss59760
tt74919,Evans,Maori,Site engineer,2,pp47900,cc37389,mm28045,ss87849
tt91167,Briggs,Thai,Sound technician,3,pp53687,cc66514,mm80754,ss85211
tt11262,Smith,Inuktitut,Tax adviser,1,pp76366,cc81276,mm50023,ss24587
tt19565,Miller,Kanuri,Designer,2,pp40994,cc66423,mm55270,ss24629
tt29187,Lopez,Slovak,Best boy,1,pp76366,cc77183,mm99130,ss39663
tt15351,Ramos,Igbo,Land/geomatics surveyor,3,pp78254,cc13111,mm52265,ss85211
tt63201,Huff,Ganda,Company secretary,3,pp22862,cc47275,mm98626,ss94429
tt44302,Baker,Tahitian,Sales professional,1,pp29010,cc75738,mm81695,ss93991
tt28599,Cisneros,Ewe,Early years teacher,1,pp28186,cc97968,mm53067,ss66747
tt43706,Short,Kirghiz,Advertising account executive,3,pp47900,cc26779,mm80850,ss39663
tt92175,Huffman,Gelmorn,Research scientist (medical),2,pp78254,cc41724,mm79355,ss50711
tt84197,Williams,Sotho,Seismic interpreter,1,pp96732,cc91456,mm81695,ss50711
tt39545,Murray,Hextorus,Designer,1,pp71735,cc55013,mm83333,ss35408
tt27871,Griffith,Portuguese,Dispensing optician,1,pp65812,cc34188,mm14203,ss94429
tt37970,Nguyen,Nauru,Hydrologist,2,pp64276,cc68332,mm80754,ss78139
tt66898,Hartman,Faroese,Chartered public finance accountant,1,pp64276,cc62936,mm53067,ss59760
tt66605,Galvan,Chuvash,Lexicographer,2,pp16634,cc42160,mm16302,ss35408
tt65000,Bradford,Inuktitut,Farm manager,2,pp53687,cc60974,mm74343,ss87849
tt62658,Banks,Icelandic,Airline pilot,2,pp67730,cc23423,mm66427,ss93885
tt90497,Holden,Esperanto,Air traffic controller,3,pp76366,cc60810,mm12932,ss24587
tt95584,Dorsey,Guarani,Librarian,1,pp76472,cc27876,mm46173,ss85838
tt19289,Acosta,Chechen,Engineer,2,pp78254,cc35700,mm88309,ss87849
tt40964,Richards,Tahitian,Physiological scientist,3,pp29010,cc95152,mm76630,ss49685
tt42688,Espinoza,Italian,Retail banker,3,pp22862,cc31714,mm30308,ss11647
tt20368,Thompson,Portuguese,Health and safety inspector,2,pp96732,cc14589,mm12932,ss39663
tt29661,Simpson,Afar,Fashion designer,2,pp16634,cc59574,mm12039,ss50711
tt88851,Buchanan,English,Hospital doctor,3,pp67730,cc22701,mm89030,ss17152
tt50979,Jackson,Tahitian,Town planner,2,pp40994,cc83149,mm12039,ss35408
tt87064,Johnson,Icelandic,Curator,3,pp29010,cc54922,mm55270,ss66747
tt41022,Armstrong,Gujarati,Archaeologist,2,pp64276,cc88704,mm89030,ss85838
tt95622,Hall,Akan,Social researcher,1,pp53687,cc74379,mm99130,ss78139
tt53469,Lewis,Ukrainian,Health promotion specialist,1,pp76472,cc60359,mm97506,ss66747
tt56061,Schultz,Faroese,Manufacturing engineer,3,pp22862,cc51406,mm81695,ss49685
tt98199,Harris,Kurdish,Human resources officer,3,pp76472,cc71708,mm83499,ss39663
tt63547,Lee,Bengali,Soil scientist,2,pp28186,cc91155,mm76860,ss85211
tt96586,Clayton,Turkish,"Merchandiser, retail",3,pp53687,cc20291,mm93066,ss39663
tt48258,Ware,Malay,"Investment banker, operational",1,pp28186,cc17773,mm66427,ss49685
tt98593,Johnson,Tagalog,Advertising account planner,2,pp22862,cc83543,mm30326,ss35408
tt83451,Brown,Uighur,Clinical embryologist,2,pp67730,cc30366,mm81695,ss49685
tt92416,Johnson,Fijian,Publishing copy,2,pp64276,cc65594,mm81695,ss85838
tt12740,Wilson,Uzbek,"Engineer, agricultural",1,pp29010,cc65155,mm21896,ss49685
tt55561,Bates,Sundanese,"Psychologist, occupational",1,pp40994,cc16941,mm80850,ss38179
tt97854,Cohen,Portuguese,"Therapist, art",1,pp53687,cc87146,mm19001,ss24629
tt48464,Owens,Turkmen,Archaeologist,3,pp29010,cc15468,mm76848,ss24629
tt57533,Berry,Burmese,"Engineer, energy",2,pp22862,cc47937,mm76630,ss24629
tt39256,Nelson,Cree,Clinical cytogeneticist,2,pp29010,cc78592,mm19001,ss87849
tt50887,Camacho,Hiri Motu,Chief Strategy Officer,2,pp40994,cc81538,mm54705,ss85211
tt65202,Horn,Aragonese,Music tutor,1,pp76366,cc51999,mm52316,ss85838
tt11878,Gould,Akan,Occupational psychologist,1,pp64276,cc91920,mm14203,ss24629
tt28852,Castillo,Hungarian,"Psychologist, counselling",1,pp96732,cc65368,mm13908,ss66747
tt22925,Marsh,Tamil,"Biochemist, clinical",2,pp22862,cc74092,mm84440,ss24587
tt17556,Gonzalez,Turkmen,Passenger transport manager,1,pp64276,cc11220,mm84440,ss24629
tt21600,Davies,Panjabi,Human resources officer,3,pp82549,cc10563,mm44157,ss94429
tt41716,Oconnor,Hextorus,"Engineer, energy",1,pp16634,cc24885,mm33260,ss93885
tt98443,Gentry,Kuanyama,Airline pilot,3,pp78254,cc66041,mm77068,ss94429
tt78014,Jones,Icelandic,Television production assistant,2,pp82549,cc35087,mm12725,ss17152
tt25332,Stokes,Ojibwa,Surgeon,1,pp96732,cc93413,mm70336,ss38179
tt58054,Mcconnell,Inuktitut,Neurosurgeon,2,pp96732,cc33423,mm84440,ss35408
tt72131,Scott,Assamese,Accounting technician,3,pp64276,cc84350,mm52265,ss17152
tt79950,Rangel,Belarusian,Operations geologist,1,pp96732,cc59029,mm27685,ss38179
tt43849,Howard,Polish,"Buyer, retail",2,pp67730,cc35307,mm89030,ss85838
tt50978,Taylor,Limburgan,Claims inspector/assessor,1,pp16634,cc51299,mm83333,ss50711
tt53827,Dunlap,Afar,Occupational therapist,3,pp32308,cc27116,mm77068,ss38179
tt41523,Mercado,Avestan,Insurance account manager,3,pp65812,cc25978,mm12725,ss24629
tt98938,Decker,Mongolian,Comptroller,3,pp65812,cc81224,mm52265,ss11647
tt32826,Johnson,Sardinian,Architectural technologist,3,pp64276,cc44091,mm74343,ss93885
tt75846,Williams,Kirghiz,"Scientist, research (life sciences)",1,pp16634,cc11758,mm52316,ss78139
tt72264,Snyder,Indonesian,Commercial art gallery manager,3,pp51242,cc51853,mm14203,ss26649
tt92505,Kim,Kuanyama,"Psychotherapist, child",2,pp96732,cc72035,mm21896,ss93991
tt14192,Zimmerman,Hungarian,"Surveyor, building",2,pp29010,cc65903,mm84440,ss50711
tt56232,Hill,Xhosa,Drilling engineer,1,pp76472,cc16837,mm99130,ss66747
tt81111,Russo,Kuanyama,"Conservator, furniture",3,pp71735,cc93364,mm27685,ss24629
tt16014,Hardy,Georgian,"Psychologist, occupational",2,pp76366,cc65075,mm13908,ss66747
tt77122,Wu,North Ndebele,Company secretary,2,pp29010,cc30960,mm76630,ss50711
tt90385,Nelson,Basque,Chiropodist,3,pp28186,cc65491,mm22881,ss94429
tt22284,Hoover,Catalan,Manufacturing engineer,3,pp51242,cc96961,mm80850,ss38179
tt16928,Ramirez,Uighur,Careers adviser,3,pp76366,cc48005,mm58465,ss17152
tt59617,Martinez,Bosnian,Television camera operator,3,pp40994,cc22051,mm44157,ss78139
tt13477,Duncan,Rundi,"Radiographer, therapeutic",1,pp65812,cc43099,mm81695,ss35408
tt42620,Williams,Hausa,"Engineer, civil (contracting)",3,pp76366,cc23836,mm88309,ss11647
tt53006,Scott,Yoruba,Retail merchandiser,2,pp32308,cc39902,mm76860,ss39663
tt53574,Klein,Booboo,Quality manager,1,pp71735,cc90100,mm42663,ss11647
tt49291,Warner,Assamese,Chief Financial Officer,1,pp71735,cc31672,mm58465,ss24587
tt57235,Brown,Marshallese,Fish farm manager,2,pp65812,cc85030,mm27685,ss39663
tt95765,Miller,Galician,"Engineer, manufacturing",3,pp29010,cc33652,mm46173,ss59760
tt77356,Jackson,Ukrainian,Optometrist,3,pp78254,cc93435,mm94439,ss66747
tt15361,Pierce,Hectorng,"Surveyor, hydrographic",3,pp64276,cc74656,mm30326,ss94429
tt28379,Peterson,Basque,Fashion designer,2,pp51242,cc12014,mm68800,ss24587
tt45965,White,Welsh,"Programmer, applications",2,pp53687,cc88841,mm12039,ss94429
tt16599,Keller,Divehi,"Administrator, Civil Service",1,pp32308,cc96771,mm12725,ss11647
tt10184,Graham,Tonga,"Scientist, research (maths)",3,pp64276,cc70663,mm35488,ss94429
tt56764,Lucas,Basque,Advertising account planner,2,pp96732,cc66997,mm54705,ss38179
tt14658,Foster,Yoruba,Exhibition designer,3,pp71735,cc65188,mm53067,ss49685
tt80975,Simpson,Somali,Lobbyist,2,pp32308,cc15146,mm30326,ss85211
tt39321,Castro,Occitan,Records manager,3,pp82549,cc53124,mm55270,ss24587
tt57523,Miller,Igbo,Jewellery designer,3,pp16634,cc22181,mm94439,ss49685
tt74466,Brown,Latin,Jewellery designer,1,pp76472,cc43191,mm52265,ss17152
tt14914,Hill,Aragonese,Publishing copy,2,pp53687,cc57908,mm80754,ss66747
tt46142,Patel,Nauru,Barrister,3,pp53687,cc88333,mm69209,ss11647
tt56272,Mitchell,Swedish,Television camera operator,3,pp76472,cc32995,mm50023,ss93885
tt57344,Maldonado,Abkhazian,"Biochemist, clinical",3,pp71735,cc86771,mm54454,ss24629
tt16382,Guerrero,Estonian,Legal secretary,3,pp22862,cc75753,mm98626,ss50711
tt93250,Lyons,Pushto,Economist,1,pp29010,cc40364,mm50023,ss78139
tt63680,Pollard,Ido,Multimedia programmer,2,pp51242,cc83453,mm78372,ss85838
tt93274,Wright,Sardinian,Theatre manager,2,pp65812,cc78243,mm84440,ss24629
tt58050,Butler,Portuguese,Public affairs consultant,1,pp40994,cc11574,mm54705,ss85838
tt36543,Reed,Bengali,"Accountant, chartered certified",1,pp64276,cc75047,mm68282,ss94429
tt93202,Prince,Finnish,Geoscientist,2,pp51242,cc95905,mm19001,ss66747
tt27752,Mckinney,North Ndebele,"Psychologist, prison and probation services",1,pp76366,cc92117,mm68282,ss24587
tt95962,Murphy,Pushto,Arts development officer,3,pp40994,cc61186,mm74343,ss94429
tt12198,Harvey,Quechua,Printmaker,1,pp76472,cc37907,mm84366,ss49685
tt14609,Edwards,Sundanese,Clinical psychologist,2,pp67730,cc96977,mm12039,ss38179
tt92338,Moran,North Ndebele,IT trainer,3,pp82549,cc50110,mm81479,ss17152
tt54620,Porter,Ojibwa,Analytical chemist,1,pp76366,cc86565,mm55270,ss93991
tt39410,Lewis,Burmese,Youth worker,2,pp71735,cc24141,mm76860,ss85211
tt56176,Reynolds,Norwegian Nynorsk,Retail manager,3,pp64276,cc79146,mm54705,ss93885
tt84971,Gray,Akan,Art gallery manager,1,pp82549,cc44148,mm83499,ss24629
tt78434,Lopez,Portuguese,Patent attorney,1,pp53687,cc82398,mm30308,ss24587
tt83702,Nelson,Manx,"Engineer, electrical",2,pp29010,cc80481,mm88309,ss17152
tt51392,Parks,Sundanese,Gaffer,3,pp28186,cc11701,mm53067,ss85838
tt76790,Santiago,Sango,"Accountant, chartered management",3,pp22862,cc75407,mm50023,ss11647
tt45471,Cortez,Marshallese,Clinical scientist,1,pp16634,cc24561,mm74343,ss26649
tt74313,Moore,Italian,"Journalist, newspaper",2,pp76366,cc11939,mm84440,ss78139
tt36630,Martin,Venda,Manufacturing engineer,2,pp16634,cc55544,mm28045,ss11647
tt68391,Smith,Sundanese,Systems developer,3,pp67730,cc45497,mm36210,ss93991
tt36498,Stevens,Chichewa,"Social research officer, government",2,pp29010,cc94587,mm61343,ss11647
tt83023,Raymond,Chamorro,Editorial assistant,3,pp78254,cc64053,mm68282,ss93885
tt97924,Gonzalez,Zhuang,Cytogeneticist,1,pp78254,cc39945,mm83333,ss87849
tt46817,Strickland,Yiddish,Commercial horticulturist,2,pp96732,cc90388,mm12932,ss85838
tt97680,Castillo,Icelandic,"Geologist, engineering",1,pp51242,cc67102,mm19001,ss38179
tt40606,Griffin,Irish,Clinical cytogeneticist,2,pp51242,cc25562,mm22881,ss38179
tt75549,Williams,Ojibwa,Field seismologist,1,pp65812,cc12405,mm33260,ss17152
tt72689,Hall,Kuanyama,Diplomatic Services operational officer,1,pp40994,cc31717,mm12932,ss49685
tt66967,Myers,Kurdish,Chief of Staff,1,pp51242,cc34272,mm68282,ss35408
tt22870,Bailey,Maori,Licensed conveyancer,3,pp64276,cc18100,mm12039,ss38179
tt77465,Love,Amharic,Sales executive,3,pp64276,cc41664,mm69209,ss24629
tt84245,Castillo,Gaelic,Data scientist,1,pp76366,cc69093,mm78372,ss35408
tt45640,Gomez,Afrikaans,Chief Strategy Officer,1,pp32308,cc21885,mm76630,ss87849
tt76711,Leonard,Wolof,Cytogeneticist,1,pp76472,cc39277,mm85693,ss85211
tt42031,Collins,Navajo,Travel agency manager,1,pp78254,cc10921,mm79355,ss39663
tt83734,Reilly,Panjabi,Lobbyist,1,pp53687,cc40426,mm29211,ss39663
tt93660,Rhodes,Tamil,Data scientist,1,pp28186,cc59163,mm89030,ss66747
tt84111,Hall,Sindhi,Systems analyst,3,pp51242,cc81614,mm58465,ss11647
tt79304,Jordan,Finnish,Scientist,1,pp67730,cc44371,mm94439,ss94429
tt86497,Robinson,Afrikaans,Senior tax professional/tax inspector,3,pp32308,cc73427,mm78372,ss24629
tt96860,Proctor,Slovak,Commercial art gallery manager,2,pp47900,cc53747,mm42663,ss85838
tt28967,Edwards,Tigrinya,Restaurant manager,3,pp82549,cc86661,mm22881,ss93991
tt44973,Burke,Bihari languages,"Engineer, structural",2,pp28186,cc95577,mm54705,ss24587
tt49476,Faulkner,Irish,Biomedical scientist,1,pp22862,cc39843,mm18267,ss11647
tt59118,Sherman,Gujarati,Theatre director,1,pp96732,cc88214,mm84440,ss39663
tt10864,Caldwell,Serbian,Product manager,2,pp53687,cc39462,mm36210,ss50711
tt22289,Heath,Luxembourgish,Community development worker,2,pp76472,cc88137,mm53067,ss59760
tt66120,Ross,Kinyarwanda,Chief of Staff,2,pp16634,cc58589,mm12039,ss93885
tt22873,Griffin,Pushto,"Teacher, English as a foreign language",2,pp40994,cc91000,mm61343,ss78139
tt63699,Baldwin,Tigrinya,Media planner,2,pp71735,cc40014,mm84366,ss94429
tt41201,Maynard,Kikuyu,Financial controller,1,pp71735,cc95086,mm54454,ss78139
tt94953,Spencer,Norwegian,Operational investment banker,3,pp64276,cc76176,mm55270,ss50711
tt87803,Ball,Breton,Ambulance person,2,pp64276,cc62276,mm65453,ss24587
tt95025,Griffith,Quechua,Data processing manager,3,pp67730,cc39695,mm88309,ss78139
tt56171,Henson,Church Slavic,Theatre manager,3,pp96732,cc15240,mm27685,ss93991
tt30393,Richardson,Twi,"Psychologist, forensic",3,pp32308,cc79066,mm80754,ss35408
tt89733,Holland,Sanskrit,Media buyer,2,pp78254,cc56198,mm50023,ss85211
tt28877,Ortega,Abkhazian,"Research officer, trade union",1,pp29010,cc97180,mm33260,ss24587
tt47174,Wise,Luxembourgish,Chiropractor,2,pp16634,cc41655,mm52675,ss26649
tt99435,Moody,Ewe,Advertising copywriter,1,pp64276,cc91442,mm74343,ss85838
tt51934,Wagner,Finnish,Personnel officer,3,pp22862,cc83910,mm12932,ss87849
tt29340,Aguilar,Bambara,"Lecturer, higher education",1,pp82549,cc42012,mm58465,ss50711
tt47806,Henry,Kannada,"Production assistant, television",3,pp67730,cc62047,mm27685,ss17152
tt58188,Ewing,Swati,Dentist,3,pp53687,cc32164,mm87557,ss85838
tt36180,Bright,Ganda,Software engineer,1,pp76366,cc83797,mm52265,ss39663
tt81954,Nelson,Ossetian,Corporate treasurer,3,pp78254,cc74775,mm53067,ss26649
tt25788,Rodriguez,Sardinian,"Doctor, general practice",3,pp53687,cc15850,mm87557,ss24587
tt20317,Robinson,Galician,Research scientist (life sciences),2,pp67730,cc25814,mm21896,ss35408
tt67381,Christian,Afar,Environmental manager,2,pp53687,cc69103,mm30308,ss38179
tt35030,James,Manx,"Surveyor, land/geomatics",1,pp71735,cc43964,mm52265,ss78139
tt19481,Mccullough,Quechua,Radiation protection practitioner,1,pp76366,cc12004,mm33260,ss24629
tt82151,Howell,Corsican,Risk manager,2,pp22862,cc95427,mm98626,ss24587
tt30811,Alexander,Macedonian,Teaching laboratory technician,3,pp76366,cc87277,mm12725,ss87849
tt86565,Phelps,Nauru,"Engineer, electronics",3,pp47900,cc70108,mm89030,ss11647
tt79536,Henderson,Latvian,Broadcast presenter,1,pp40994,cc50499,mm13908,ss94429
tt64809,May,Interlingue,"Teacher, primary school",2,pp76472,cc49240,mm58465,ss59760
tt93761,Hill,French,Bookseller,1,pp64276,cc97384,mm14203,ss35408
tt39711,Garcia,Malayalam,Communications engineer,1,pp82549,cc80645,mm12039,ss85211
tt21734,Cooper,Luba-Katanga,Public librarian,2,pp71735,cc12400,mm84440,ss24629
tt21680,Mitchell,Chechen,"Surveyor, land/geomatics",3,pp82549,cc64656,mm35488,ss49685
tt85359,Wise,Sanskrit,Osteopath,2,pp53687,cc48857,mm53067,ss39663
tt67811,Hernandez,Inupiaq,"Accountant, chartered",1,pp71735,cc73119,mm22881,ss11647
tt41222,Dominguez,Bambara,"Engineer, site",2,pp22862,cc94548,mm69209,ss50711
tt50686,Barr,Bihari languages,Health visitor,3,pp16634,cc47050,mm61343,ss87849
tt55221,Hutchinson,Icelandic,"Nurse, mental health",2,pp53687,cc33098,mm80850,ss38179
tt11545,Edwards,Aymara,Mining engineer,1,pp32308,cc80043,mm65453,ss24587
tt92816,Murphy,Ido,Communications engineer,2,pp76366,cc44260,mm61343,ss11647
tt73983,Gallegos,Galician,"Teacher, early years/pre",3,pp32308,cc41455,mm59362,ss11647
tt67929,Hill,English,Corporate treasurer,3,pp64276,cc75244,mm77068,ss35408
tt52082,Ramirez,Norwegian,Training and development officer,3,pp71735,cc22888,mm83499,ss94429
tt28595,Delacruz,Kannada,"Designer, television/film set",3,pp16634,cc77245,mm12725,ss50711
tt88441,Roberson,Hiri Motu,Chiropodist,2,pp65812,cc52838,mm74343,ss35408
tt37913,Evans,Kazakh,"Designer, graphic",1,pp16634,cc41322,mm52265,ss93991
tt27415,Davidson,Estonian,"Research officer, government",2,pp32308,cc25034,mm36210,ss59760
tt77668,Carpenter,Icelandic,"Administrator, Civil Service",1,pp65812,cc31487,mm80754,ss85838
tt38995,Robertson,Marshallese,Lobbyist,1,pp51242,cc86890,mm76860,ss85838
tt53726,Logan,Central Khmer,Ranger/warden,3,pp65812,cc95411,mm89030,ss24629
tt58886,Cuevas,Marathi,"Psychologist, occupational",1,pp78254,cc53973,mm16302,ss87849
tt31635,Baker,Kanuri,"Sound technician, broadcasting/film/video",1,pp16634,cc90345,mm50023,ss87849
tt74118,Foster,Hextorus,Banker,2,pp64276,cc63580,mm12725,ss66747
tt54406,Ramirez,Portuguese,"Production assistant, television",1,pp32308,cc65974,mm94439,ss39663
tt63069,Anderson,Hebrew,Ship broker,1,pp67730,cc38259,mm52265,ss24629
tt61783,Jones,Azerbaijani,Community pharmacist,3,pp71735,cc50939,mm58465,ss93885
tt87969,Maldonado,Zulu,Town planner,2,pp76472,cc80604,mm59362,ss17152
tt61347,Cruz,Yiddish,Homeopath,3,pp96732,cc63613,mm81479,ss93991
tt97274,Solis,Xhosa,Actuary,3,pp40994,cc55496,mm93066,ss38179
tt98403,Garcia,Chechen,"Surveyor, land/geomatics",1,pp78254,cc17814,mm16302,ss39663
tt31983,Goodwin,Romanian,Financial manager,3,pp40994,cc11039,mm88364,ss49685
tt99224,Payne,Ukrainian,"Engineer, control and instrumentation",3,pp22862,cc93656,mm50023,ss66747
tt87009,Wright,Avaric,Oceanographer,2,pp47900,cc58936,mm53067,ss93885
tt40296,Sloan,Avestan,Museum education officer,2,pp67730,cc95551,mm54705,ss78139
tt49139,Taylor,Hebrew,"Designer, industrial/product",1,pp40994,cc57579,mm21896,ss24629
tt89031,Booth,"Sotho, Southern",Air cabin crew,2,pp47900,cc59210,mm36210,ss24629
tt17917,Brown,Ndonga,Commissioning editor,2,pp22862,cc48748,mm98626,ss87849
tt42360,Wilkerson,Breton,Television floor manager,3,pp71735,cc30223,mm61343,ss24629
tt45675,Wright,Marathi,Chief of Staff,2,pp76366,cc23188,mm79355,ss85838
tt17953,Alvarado,Kazakh,Trade mark attorney,1,pp29010,cc50984,mm50023,ss87849
tt36016,Jones,Maori,Volunteer coordinator,3,pp96732,cc45853,mm76848,ss59760
tt91941,Young,Portuguese,Recycling officer,3,pp40994,cc88274,mm66427,ss39663
tt86567,Hernandez,Kuanyama,Banker,3,pp76366,cc47182,mm52316,ss93885
tt70938,Owens,Luba-Katanga,Location manager,1,pp76472,cc87191,mm87557,ss35408
tt20978,Allen,Amharic,Herpetologist,2,pp96732,cc67751,mm22881,ss24587
tt83060,Eaton,Polish,Land,1,pp16634,cc86445,mm36210,ss11647
tt19822,Strickland,Hungarian,"Designer, blown glass/stained glass",2,pp40994,cc90827,mm21896,ss11647
tt64733,Lee,Oromo,"Producer, television/film/video",1,pp22862,cc37847,mm80754,ss50711
tt79357,Campbell,Chuvash,Chartered loss adjuster,1,pp53687,cc93547,mm61343,ss93885
tt22439,Wilson,Zulu,Financial controller,1,pp71735,cc55350,mm88364,ss11647
tt91888,Edwards,Marshallese,"Biochemist, clinical",1,pp22862,cc46703,mm28045,ss50711
tt21950,Bernard,Yiddish,"Loss adjuster, chartered",2,pp47900,cc51825,mm28045,ss85211
tt70188,Chaney,Kongo,Community education officer,2,pp67730,cc47206,mm83499,ss78139
tt43280,Hardy,Telugu,Dramatherapist,3,pp78254,cc32198,mm93066,ss87849
tt12209,Brown,Tatar,Communications engineer,2,pp16634,cc22340,mm94439,ss38179
tt45236,Campbell,Quechua,Energy manager,2,pp64276,cc22382,mm46173,ss24629
tt40216,Davis,Hausa,Community arts worker,1,pp51242,cc99150,mm22881,ss85211
tt66456,Ashley,Gelmorn,Product designer,2,pp16634,cc60076,mm68800,ss24629
tt40669,Bailey,Walloon,Scientific laboratory technician,3,pp51242,cc58103,mm29211,ss87849
tt10578,Norman,Wolof,"Psychologist, prison and probation services",1,pp51242,cc66612,mm30326,ss85838
tt14889,Brown,Twi,"Journalist, newspaper",3,pp16634,cc32487,mm77068,ss35408
tt55184,Miller,Kazakh,Public relations account executive,1,pp40994,cc27608,mm44157,ss87849
tt23054,Castillo,Inuktitut,"Surveyor, rural practice",3,pp22862,cc92694,mm76630,ss78139
tt50141,Cortez,Bashkir,Clinical scientist,1,pp96732,cc32927,mm80754,ss85211
tt55366,Barton,Herero,Accountant,1,pp65812,cc92420,mm98626,ss35408
tt87791,Patton,Cree,Energy engineer,3,pp76472,cc25687,mm35488,ss39663
tt47447,Davis,Chechen,Forensic psychologist,2,pp64276,cc74041,mm76860,ss24629
tt70924,Ray,Gaelic,Dramatherapist,2,pp71735,cc37578,mm85693,ss39663
tt40090,Watkins,Hindi,Public librarian,2,pp76366,cc31517,mm87557,ss11647
tt23443,Ball,Dzongkha,Dentist,2,pp76366,cc32800,mm55270,ss39663
tt64342,Perez,Limburgan,Marine scientist,3,pp40994,cc52216,mm83333,ss26649
tt93124,Hunt,Hiri Motu,Private music teacher,2,pp82549,cc38731,mm27685,ss11647
tt26791,Hayes,Amharic,Call centre manager,2,pp76472,cc47848,mm87557,ss78139
tt70773,Berry,Bengali,"Exhibitions officer, museum/gallery",3,pp96732,cc22843,mm21896,ss49685
tt20155,Perez,Hextorus,Historic buildings inspector/conservation officer,1,pp82549,cc18339,mm77068,ss24587
tt85771,Jimenez,Greek,"Copywriter, advertising",3,pp67730,cc83928,mm66427,ss66747
tt88478,Hendrix,Swedish,Animal technologist,2,pp47900,cc65824,mm58465,ss94429
tt14465,Woods,Danish,Network engineer,2,pp53687,cc87786,mm76848,ss24629
tt54451,Morse,Zulu,Geoscientist,1,pp22862,cc26409,mm12039,ss66747
tt86524,Howard,Irish,Television,1,pp29010,cc33383,mm52265,ss85211
tt44529,Johnson,Burmese,Quality manager,2,pp40994,cc79351,mm87557,ss11647
tt33579,Wallace,Kirghiz,Broadcast journalist,1,pp96732,cc98263,mm80850,ss24629
tt73512,Peterson,Sanskrit,Engineer,1,pp76366,cc98184,mm22881,ss87849
tt61033,Buck,Bulgarian,"Therapist, sports",1,pp28186,cc90403,mm12725,ss49685
tt21380,Garrett,Fulah,Accountant,2,pp65812,cc50614,mm14203,ss59760
tt23763,Dixon,Dutch,Clothing/textile technologist,2,pp22862,cc93626,mm52265,ss26649
tt14849,Crawford,Lithuanian,Nutritional therapist,3,pp67730,cc94574,mm84366,ss24629
tt63051,Douglas,Manx,"Sales professional, IT",3,pp82549,cc57983,mm76630,ss11647
tt71407,Craig,Dutch,"Social research officer, government",1,pp67730,cc67465,mm21896,ss59760
tt63913,Sandoval,Lao,Garment/textile technologist,3,pp22862,cc36845,mm76848,ss35408
tt15043,Perry,Hextorus,"Scientist, research (medical)",2,pp96732,cc64196,mm80850,ss93991
tt69265,Roth,French,Emergency planning,3,pp22862,cc98856,mm81479,ss39663
tt15343,Washington,Persian,Fitness centre manager,1,pp76472,cc71551,mm52675,ss93991
tt89324,Castro,Lingala,"Editor, film/video",3,pp16634,cc82592,mm97506,ss35408
tt63947,Williams,Yoruba,Public relations officer,3,pp29010,cc85642,mm99130,ss39663
tt56160,Marshall,Bambara,Forest/woodland manager,2,pp67730,cc29126,mm55270,ss87849
tt36133,Davis,Akan,"Production assistant, television",2,pp64276,cc59734,mm70336,ss38179
tt45000,Wong,Hectorng,"Therapist, occupational",2,pp76472,cc42694,mm80850,ss66747
tt43762,Moore,Malayalam,"Engineer, chemical",3,pp28186,cc81158,mm66427,ss87849
tt30036,Dunn,Esperanto,Field seismologist,1,pp82549,cc67147,mm21896,ss26649
tt89962,Berry,Serbian,Product/process development scientist,1,pp82549,cc97783,mm69209,ss87849
tt51855,Duffy,Polish,Consulting civil engineer,3,pp78254,cc73061,mm13908,ss85838
tt10844,Alvarez,Tonga,"Administrator, education",1,pp53687,cc33458,mm89030,ss94429
tt97622,Decker,Luba-Katanga,Phytotherapist,2,pp40994,cc80683,mm81695,ss50711
tt94387,Smith,Maori,Facilities manager,3,pp71735,cc35724,mm12039,ss49685
tt59579,Peters,Haitian,Biomedical engineer,3,pp65812,cc38281,mm50023,ss78139
tt28219,Hicks,Kannada,"Engineer, manufacturing systems",1,pp78254,cc95644,mm88309,ss17152
tt40058,Johnson,Sinhala,Product designer,3,pp78254,cc36542,mm97506,ss94429
tt31903,Golden,Maori,English as a second language teacher,3,pp51242,cc99425,mm12932,ss93885
tt56575,Campbell,Kirghiz,Social researcher,3,pp76472,cc94864,mm13908,ss50711
tt67181,Price,Slovenian,Magazine journalist,2,pp65812,cc76461,mm52265,ss39663
tt50445,Hoover,Uzbek,"Research officer, political party",1,pp40994,cc58763,mm83499,ss17152
tt17813,Palmer,Belarusian,"Buyer, industrial",3,pp51242,cc62792,mm84440,ss38179
tt36990,Sullivan,Italian,Database administrator,1,pp28186,cc49844,mm18267,ss17152
tt89238,Randolph,Norwegian,"Copywriter, advertising",2,pp82549,cc66018,mm93066,ss24629
tt43957,Allen,Swahili,Police officer,3,pp76366,cc15966,mm46173,ss39663
tt90443,Villanueva,Interlingue,Call centre manager,2,pp82549,cc55863,mm97506,ss39663
tt96666,Webster,Cree,"Biochemist, clinical",2,pp32308,cc11071,mm55270,ss93991
tt32741,Harris,Malayalam,"Accountant, chartered",1,pp76472,cc96521,mm50023,ss93991
tt90512,Wade,Kurdish,"Horticulturist, commercial",1,pp67730,cc72147,mm78372,ss66747
tt35859,Stuart,Czech,"Conservator, furniture",3,pp67730,cc85581,mm29211,ss26649
tt41747,Sutton,Corsican,Chartered management accountant,3,pp29010,cc11994,mm94439,ss24629
tt44562,Mcdaniel,Amharic,Medical technical officer,2,pp47900,cc72973,mm12039,ss93885
tt69108,Silva,Burmese,"Engineer, maintenance (IT)",3,pp32308,cc19953,mm12932,ss78139
tt73014,Watts,Zhuang,"Psychologist, forensic",3,pp22862,cc67686,mm97506,ss93885
tt25267,Graves,Divehi,"Surveyor, building control",2,pp82549,cc63330,mm49841,ss11647
tt44748,Williams,Assamese,Nutritional therapist,3,pp51242,cc46255,mm19001,ss39663
tt40654,Jackson,Quechua,Petroleum engineer,3,pp64276,cc70374,mm83333,ss26649
tt48800,Hammond,Kashmiri,"Engineer, control and instrumentation",1,pp96732,cc61640,mm28045,ss93885
tt81446,Kennedy,Slovenian,Civil Service fast streamer,2,pp53687,cc59081,mm52265,ss26649
tt34010,Williams,Bihari languages,Wellsite geologist,2,pp22862,cc85304,mm77068,ss11647
tt15290,Smith,Turkish,Volunteer coordinator,2,pp22862,cc70900,mm79355,ss11647
tt35576,White,Yoruba,Applications developer,1,pp29010,cc42532,mm33260,ss85838
tt30975,Johnson,Bulgarian,"Doctor, general practice",2,pp71735,cc34901,mm16302,ss24629
tt90837,Ponce,Czech,Politician's assistant,1,pp51242,cc66383,mm21896,ss17152
tt25629,Myers,Inuktitut,Homeopath,2,pp40994,cc15552,mm36210,ss93991
tt69925,Miller,Danish,Psychiatrist,1,pp76472,cc58189,mm52316,ss66747
tt42809,Bush,Northern Sami,Outdoor activities/education manager,1,pp76366,cc81968,mm76630,ss85838
tt77199,Patterson,Indonesian,"Investment banker, corporate",2,pp76472,cc75241,mm83333,ss85211
tt10914,Le,"Sotho, Southern","Journalist, magazine",3,pp76472,cc28371,mm52265,ss49685
tt93889,Bailey,Telugu,Broadcast engineer,3,pp22862,cc96926,mm52265,ss39663
tt87116,Wright,Azerbaijani,Fine artist,2,pp65812,cc33972,mm33260,ss50711
tt22598,Rice,Sindhi,"Investment banker, operational",1,pp29010,cc24425,mm44157,ss93885
tt79449,Duran,Chuvash,Clothing/textile technologist,2,pp76472,cc63023,mm85693,ss93991
tt89828,Johnson,Luxembourgish,Magazine journalist,3,pp47900,cc59959,mm98626,ss24587
tt73888,Taylor,Aymara,Illustrator,2,pp82549,cc82191,mm68282,ss59760
tt41888,Newton,Hungarian,Research scientist (medical),3,pp32308,cc47939,mm36210,ss39663
tt90523,Guerrero,Fijian,"Designer, interior/spatial",3,pp16634,cc87710,mm13908,ss35408
tt42506,Moore,Latvian,Chief of Staff,2,pp28186,cc66805,mm99130,ss17152
tt22399,Glover,Tsonga,Jewellery designer,3,pp64276,cc30968,mm50023,ss59760
tt93187,Chen,Hextorus,Actuary,3,pp47900,cc37363,mm69209,ss35408
tt48731,Fleming,Maltese,Chief Marketing Officer,2,pp67730,cc82599,mm97506,ss94429
tt92507,Mitchell,Pushto,"Administrator, charities/voluntary organisations",1,pp78254,cc59560,mm68282,ss59760
tt36080,Ramsey,Aragonese,Geographical information systems officer,1,pp47900,cc40707,mm80754,ss49685
tt86868,Baker,Hextorus,"Conservation officer, historic buildings",2,pp40994,cc11246,mm42663,ss24587
tt94995,Williams,Finnish,"Scientist, water quality",2,pp28186,cc35757,mm65453,ss38179
tt18669,Martinez,Albanian,"Engineer, petroleum",3,pp71735,cc75068,mm36210,ss11647
tt19006,Garcia,Kanuri,Osteopath,3,pp71735,cc63498,mm35488,ss94429
tt35495,Johnson,Azerbaijani,Surgeon,2,pp65812,cc40255,mm12039,ss59760
tt51957,Kennedy,Romanian,Company secretary,2,pp96732,cc94502,mm28045,ss11647
tt74763,Cameron,Greek,Paediatric nurse,1,pp78254,cc66725,mm81479,ss59760
tt84239,Rivera,Kannada,Race relations officer,1,pp22862,cc35172,mm61343,ss17152
tt64887,Walker,Afrikaans,Armed forces training and education officer,1,pp53687,cc47938,mm87557,ss39663
tt28199,Hicks,"Sotho, Southern",Brewing technologist,3,pp76366,cc82089,mm76630,ss38179
tt95411,Tucker,Haitian,Radio producer,2,pp29010,cc40483,mm30326,ss66747
tt49010,Fisher,Komi,Training and development officer,2,pp64276,cc69866,mm50023,ss24587
tt68565,Hendricks,Zhuang,Animal nutritionist,1,pp82549,cc82045,mm12039,ss24629
tt99381,Howell,"Sotho, Southern",Chief Executive Officer,1,pp96732,cc51929,mm29211,ss17152
tt50915,Hawkins,Kuanyama,Hydrographic surveyor,1,pp64276,cc91724,mm14203,ss93885
tt68191,Parrish,Bashkir,Diplomatic Services operational officer,1,pp47900,cc92567,mm68800,ss78139
tt81502,Vargas,Sango,Public librarian,2,pp40994,cc15114,mm22881,ss66747
tt95130,Murray,Western Frisian,Electronics engineer,3,pp40994,cc52362,mm50023,ss17152
tt89840,Combs,Western Frisian,"Production assistant, television",3,pp32308,cc85276,mm58465,ss66747
tt64744,Mcclure,North Ndebele,Chiropodist,1,pp47900,cc79156,mm74343,ss38179
tt57946,Ryan,Kinyarwanda,Chief of Staff,2,pp78254,cc77202,mm44157,ss35408
tt31932,Fowler,Hextorus,Paediatric nurse,3,pp71735,cc77473,mm54705,ss85838
tt37023,Anderson,Zulu,Retail merchandiser,1,pp47900,cc97684,mm12932,ss85838
tt27398,Newman,Chuvash,Archaeologist,2,pp64276,cc22731,mm52265,ss49685
tt42624,Summers,English,Ranger/warden,2,pp32308,cc24014,mm54705,ss93885
tt18663,Brown,Turkmen,Hydrographic surveyor,2,pp47900,cc73200,mm13908,ss24587
tt66096,White,Tajik,Market researcher,3,pp96732,cc39787,mm84440,ss85838
tt72427,Cook,Bislama,Logistics and distribution manager,2,pp40994,cc33819,mm14203,ss59760
tt33078,Jones,Catalan,Advice worker,3,pp22862,cc39961,mm88364,ss59760
tt41933,Durham,Kinyarwanda,Commercial art gallery manager,2,pp16634,cc66809,mm70336,ss17152
tt30990,Fitzpatrick,Central Khmer,Customer service manager,1,pp40994,cc63345,mm55270,ss24629
tt31675,Baxter,Welsh,Further education lecturer,2,pp53687,cc90538,mm22881,ss50711
tt32332,White,Northern Sami,Engineering geologist,2,pp53687,cc55929,mm44157,ss66747
tt29162,Hernandez,Ojibwa,"Engineer, manufacturing",3,pp64276,cc82365,mm85693,ss85838
tt56567,Johnson,Hiri Motu,Dispensing optician,2,pp96732,cc73428,mm88364,ss26649
tt44242,Matthews,Czech,"Education officer, museum",1,pp40994,cc37385,mm84366,ss66747
tt19617,Palmer,Catalan,Web designer,2,pp96732,cc96511,mm80850,ss59760
tt54917,Evans,Galician,Visual merchandiser,3,pp51242,cc12146,mm66427,ss38179
tt50471,Harris,Kashmiri,"Engineer, manufacturing systems",3,pp22862,cc97197,mm93066,ss78139
tt55743,Campbell,Romanian,Horticultural consultant,1,pp16634,cc61761,mm55270,ss66747
tt24101,Davis,Ganda,Community pharmacist,2,pp53687,cc92846,mm50023,ss59760
tt53368,Cherry,Swedish,"Surveyor, insurance",1,pp82549,cc62141,mm18267,ss59760
tt46594,Bryant,Northern Sami,"Scientist, physiological",3,pp22862,cc65588,mm68282,ss26649
tt66144,Meyers,Corsican,Site engineer,2,pp76366,cc71557,mm99130,ss94429
tt35629,Cobb,Slovenian,Armed forces training and education officer,2,pp82549,cc13359,mm52675,ss24587
tt36889,Tran,Galician,Ecologist,2,pp65812,cc58437,mm33260,ss78139
tt45834,Jenkins,Shona,"Lecturer, further education",2,pp96732,cc24779,mm36210,ss38179
tt55476,Newton,Azerbaijani,"Presenter, broadcasting",2,pp64276,cc34462,mm16302,ss50711
tt38097,Reeves,Bengali,"Accountant, chartered",3,pp47900,cc52067,mm61343,ss93991
tt47503,Hill,Dzongkha,Systems analyst,3,pp40994,cc89108,mm54705,ss85211
tt54044,May,North Ndebele,"Chemist, analytical",3,pp28186,cc81378,mm69209,ss93885
tt52587,Rivera,South Ndebele,Oncologist,1,pp64276,cc12973,mm36210,ss39663
tt75790,Hopkins,North Ndebele,Fast food restaurant manager,3,pp47900,cc16371,mm58465,ss94429
tt97171,Jones,Gaelic,"Engineer, electrical",1,pp51242,cc66146,mm59362,ss50711
tt94518,Williamson,Inupiaq,Health promotion specialist,3,pp40994,cc79713,mm76848,ss93991
tt67641,Stanley,Afrikaans,"Engineer, drilling",3,pp40994,cc77494,mm35488,ss93885
tt81473,Little,Twi,Medical physicist,2,pp78254,cc15487,mm22881,ss87849
tt77755,Sims,Hindi,Financial manager,2,pp40994,cc65962,mm80850,ss26649
tt50982,Thornton,Avaric,Clinical cytogeneticist,2,pp76472,cc73115,mm78372,ss85838
tt15732,Anderson,Kurdish,"Research officer, political party",1,pp32308,cc12437,mm80754,ss49685
tt70865,Curtis,Marathi,Air broker,3,pp28186,cc94314,mm16302,ss39663
tt52115,Williams,Tajik,Firefighter,2,pp71735,cc10004,mm68282,ss26649
tt64206,Horton,Yiddish,Probation officer,1,pp67730,cc93645,mm52265,ss24629
tt58597,Wright,Javanese,"Scientist, research (life sciences)",3,pp67730,cc97593,mm14203,ss38179
tt61057,Jackson,Tigrinya,"Therapist, nutritional",1,pp65812,cc89896,mm93066,ss38179
tt66660,Davis,Galician,Logistics and distribution manager,3,pp78254,cc40968,mm16302,ss59760
tt53489,Vaughn,Sinhala,Fast food restaurant manager,2,pp32308,cc95282,mm16302,ss59760
tt98302,Diaz,Nauru,Waste management officer,3,pp16634,cc76533,mm80850,ss24629
tt45733,Weaver,Afar,Public house manager,3,pp29010,cc18196,mm87557,ss93885
tt52090,Simpson,Avestan,Educational psychologist,2,pp40994,cc92413,mm79355,ss85838
tt82649,Green,Western Frisian,Social researcher,1,pp53687,cc32868,mm14203,ss59760
tt83649,Payne,Maori,Trade union research officer,2,pp53687,cc26372,mm29211,ss94429
tt77638,King,Sindhi,Biomedical scientist,2,pp40994,cc82116,mm52265,ss50711
tt95163,Patterson,Armenian,Podiatrist,1,pp64276,cc10638,mm28045,ss66747
tt70389,Phillips,Sotho,Tax inspector,3,pp65812,cc10525,mm87557,ss85211
tt93710,Miller,Somali,Land/geomatics surveyor,2,pp82549,cc55516,mm81695,ss94429
tt76671,Young,Maltese,"Chemist, analytical",3,pp65812,cc64328,mm97506,ss17152
tt17940,Parker,Faroese,Hospital doctor,2,pp29010,cc64947,mm52265,ss50711
tt96637,Everett,Dutch,Furniture designer,2,pp28186,cc48311,mm68282,ss93991
tt36185,Rodriguez,Hebrew,Financial manager,1,pp53687,cc72432,mm76630,ss78139
tt29710,Smith,Assamese,"Engineer, civil (consulting)",1,pp82549,cc45133,mm80754,ss78139
tt75158,Scott,Tatar,"Surveyor, rural practice",1,pp78254,cc39760,mm94439,ss38179
tt90803,Flores,Oriya,Learning mentor,1,pp76472,cc95441,mm52675,ss93885
tt30791,Spencer,Tswana,Chartered certified accountant,2,pp76366,cc54001,mm89030,ss93991
tt90991,Baker,Lingala,Engineering geologist,2,pp96732,cc36810,mm35488,ss26649
tt86498,Glover,Bengali,Advertising copywriter,2,pp65812,cc75443,mm98626,ss66747
tt14436,Perez,Wolof,Customer service manager,1,pp40994,cc95384,mm21896,ss93991
tt30522,Gates,Quechua,Acupuncturist,2,pp47900,cc80217,mm80754,ss66747
tt63975,Mccullough,Pali,"Engineer, control and instrumentation",3,pp78254,cc71268,mm70336,ss39663
tt32798,Rogers,Sinhala,Medical illustrator,1,pp76366,cc20464,mm88309,ss94429
tt69739,Gates,Chechen,Publishing copy,2,pp40994,cc76958,mm74343,ss49685
tt52079,Allen,Tswana,"Scientist, forensic",3,pp76472,cc18799,mm97506,ss24629
tt18416,Jones,Azerbaijani,Amenity horticulturist,2,pp76366,cc14110,mm85693,ss94429
tt58850,Pena,Sango,"Conservation officer, nature",2,pp82549,cc79451,mm53067,ss78139
tt34765,Powers,Faroese,Diplomatic Services operational officer,3,pp67730,cc94435,mm77068,ss85211
tt45024,Stevenson,Catalan,"Secretary, company",3,pp71735,cc98643,mm52675,ss87849
tt67487,Young,Finnish,Illustrator,3,pp82549,cc22522,mm69209,ss50711
tt82760,Henderson,Nauru,Office manager,2,pp51242,cc56637,mm12932,ss17152
tt19981,Flores,Bulgarian,"Pilot, airline",3,pp65812,cc84926,mm16302,ss78139
tt50773,Johnston,Luba-Katanga,Press sub,2,pp76472,cc66543,mm50023,ss24629
tt32716,Cochran,Ukrainian,Hydrologist,2,pp51242,cc28421,mm19001,ss24587
tt72551,Gibson,Tibetan,"Psychologist, sport and exercise",3,pp16634,cc99883,mm30308,ss17152
tt11166,Chapman,Fulah,"Horticulturist, amenity",3,pp67730,cc73894,mm88364,ss35408
tt41169,Richardson,Zhuang,Recycling officer,2,pp32308,cc48385,mm54454,ss87849
tt53945,Wilkins,Lithuanian,General practice doctor,2,pp28186,cc12915,mm21896,ss94429
tt41554,Osborne,Malay,"Producer, television/film/video",1,pp28186,cc82149,mm54454,ss35408
tt51747,Patterson,Tswana,Radio producer,3,pp71735,cc24114,mm68282,ss85838
tt67422,Carroll,Walloon,Stage manager,1,pp32308,cc11234,mm36210,ss17152
tt40416,Kim,Persian,Further education lecturer,3,pp64276,cc91559,mm54454,ss87849
tt72699,Flynn,Gelmorn,Trade union research officer,1,pp28186,cc89460,mm83333,ss49685
tt41273,Marsh,Avestan,Financial trader,3,pp82549,cc65493,mm28045,ss17152
tt37920,Carson,"Sotho, Southern",Adult nurse,3,pp16634,cc72965,mm83499,ss39663
tt44252,Beck,Tajik,Operational investment banker,1,pp32308,cc54043,mm78372,ss93991
tt72716,Young,Danish,Retail buyer,2,pp29010,cc78242,mm79355,ss50711
tt38375,Mora,Avestan,Risk analyst,1,pp28186,cc37496,mm69209,ss87849
tt29333,Whitehead,Kanuri,"Engineer, manufacturing",3,pp28186,cc43346,mm30326,ss59760
tt26652,Mcmahon,Bulgarian,"Doctor, hospital",1,pp28186,cc87774,mm79355,ss85838
tt25662,Rhodes,Uighur,Industrial buyer,2,pp67730,cc21187,mm12039,ss38179
tt47554,Jones,Inupiaq,Theatre director,2,pp40994,cc10050,mm12725,ss39663
tt42060,Flynn,Italian,Armed forces logistics,2,pp32308,cc85397,mm12039,ss26649
tt45805,Brown,Sindhi,Proofreader,3,pp67730,cc44667,mm89030,ss26649
tt75451,Evans,Akan,Sports development officer,2,pp22862,cc82627,mm36210,ss66747
tt70918,Reed,Slovak,Surgeon,1,pp53687,cc55764,mm99130,ss59760
tt20494,Smith,Chechen,Secondary school teacher,2,pp28186,cc88476,mm84366,ss35408
tt69899,Wade,Church Slavic,"Psychologist, clinical",3,pp16634,cc68565,mm66427,ss11647
tt27958,Kelly,Kongo,"Administrator, local government",2,pp96732,cc71692,mm87557,ss38179
tt79049,Moore,Spanish,Hospital pharmacist,2,pp22862,cc34311,mm21896,ss24587
tt35236,Miller,Navajo,Ceramics designer,3,pp32308,cc15132,mm79355,ss24629
tt29783,Fitzgerald,Greek,Child psychotherapist,3,pp32308,cc52440,mm13908,ss78139
tt99244,Morgan,Slovenian,"Teacher, secondary school",1,pp96732,cc38645,mm30308,ss85211
tt23660,Mitchell,Czech,Sound technician,3,pp53687,cc52844,mm19001,ss93885
tt46243,Walker,Swedish,Charity fundraiser,2,pp53687,cc93538,mm89030,ss85838
tt63277,Pierce,Georgian,Diplomatic Services operational officer,2,pp65812,cc37318,mm28045,ss38179
tt24413,Taylor,Manx,Radio producer,3,pp51242,cc97326,mm94439,ss85838
tt32930,Stanley,Galician,Clinical embryologist,2,pp40994,cc38312,mm35488,ss24629
tt57740,Powers,Zulu,"Civil engineer, contracting",2,pp29010,cc19901,mm76630,ss11647
tt75083,Little,Ido,Government social research officer,1,pp40994,cc38384,mm55270,ss17152
tt39791,Brown,Nauru,Energy manager,1,pp76366,cc94555,mm55270,ss59760
tt78289,Gonzales,Arabic,Print production planner,3,pp51242,cc50106,mm19001,ss26649
tt92093,Hansen,Malagasy,Air traffic controller,2,pp53687,cc81836,mm80754,ss35408
tt94465,Dunn,Croatian,Scientific laboratory technician,3,pp76472,cc77914,mm12039,ss94429
tt25189,Fernandez,Occitan,"Nurse, learning disability",2,pp29010,cc33103,mm42663,ss59760
tt69356,Ellis,English,Early years teacher,1,pp28186,cc92577,mm59362,ss11647
tt95763,Ramirez,Tagalog,"Engineer, energy",3,pp22862,cc82122,mm99130,ss24629
tt77888,Luna,Thai,Quarry manager,2,pp40994,cc35953,mm14203,ss93885
tt89933,Lee,Booboo,"Journalist, magazine",1,pp22862,cc36947,mm76860,ss50711
tt93756,Mendoza,Tonga,Mental health nurse,1,pp16634,cc38451,mm52675,ss24587
tt69081,Martinez,Fulah,"Designer, graphic",2,pp32308,cc28340,mm12039,ss17152
tt46159,Jones,Wolof,"Editor, commissioning",1,pp53687,cc49824,mm74343,ss85211
tt94019,Smith,Russian,Ambulance person,1,pp82549,cc91070,mm30326,ss85838
tt13025,Bennett,Hungarian,Market researcher,1,pp29010,cc98683,mm88309,ss85211
tt33757,Harris,Hiri Motu,"Engineer, control and instrumentation",2,pp67730,cc17278,mm14203,ss49685
tt60128,Mahoney,Aymara,Chartered loss adjuster,1,pp76472,cc64139,mm49841,ss50711
tt22952,Smith,Chuvash,Chief Operating Officer,1,pp29010,cc13298,mm12039,ss38179
tt14694,Rodriguez,Bislama,"Lighting technician, broadcasting/film/video",3,pp29010,cc69950,mm87557,ss94429
tt59334,Chambers,Chuvash,Animal nutritionist,1,pp76472,cc17767,mm35488,ss59760
tt96398,Holmes,Walloon,Homeopath,2,pp16634,cc15517,mm76630,ss35408
tt51437,Webb,Sinhala,Diplomatic Services operational officer,2,pp78254,cc99876,mm14203,ss59760
tt35658,Jones,Bulgarian,Trade union research officer,3,pp67730,cc19826,mm12932,ss78139
tt42514,Jenkins,Shona,Chartered accountant,2,pp22862,cc88856,mm68282,ss59760
tt79965,Melendez,Sanskrit,Television production assistant,2,pp64276,cc83519,mm88364,ss93991
tt31510,Hester,Norwegian,Actor,2,pp29010,cc45605,mm22881,ss93991
tt33885,Anderson,Bengali,IT technical support officer,3,pp82549,cc44781,mm74343,ss35408
tt33414,Rodriguez,Esperanto,Financial manager,1,pp22862,cc90681,mm55270,ss87849
tt98825,Ward,Shona,Retail merchandiser,1,pp82549,cc95590,mm94439,ss26649
tt26786,Myers,Hungarian,Set designer,1,pp28186,cc18594,mm65453,ss94429
tt98013,Russell,Lithuanian,"Chemist, analytical",3,pp96732,cc63438,mm89030,ss94429
tt79406,Booker,Tonga,"Administrator, education",2,pp65812,cc47802,mm53067,ss59760
tt46029,Fernandez,Chichewa,"Lecturer, higher education",1,pp76472,cc75967,mm70336,ss35408
tt46201,Sullivan,South Ndebele,"Conservator, furniture",3,pp51242,cc49258,mm80754,ss24629
tt10825,Jones,Gaelic,Midwife,1,pp65812,cc31094,mm77068,ss93991
tt76736,Holden,Danish,"Engineer, technical sales",2,pp82549,cc25198,mm93066,ss38179
tt68705,Nash,Ido,Graphic designer,2,pp28186,cc76050,mm28045,ss85211
tt95814,Rose,Irish,Community pharmacist,2,pp65812,cc68791,mm12932,ss59760
tt69939,Gibson,Tswana,Ranger/warden,2,pp76472,cc74735,mm68800,ss24629
tt98275,Molina,Hextorus,Database administrator,3,pp53687,cc79770,mm79355,ss93991
tt44371,Gibson,Belarusian,Ship broker,1,pp53687,cc34033,mm46173,ss38179
tt43299,Ramos,Sundanese,Contractor,2,pp28186,cc42132,mm66427,ss85211
tt77259,Parks,Cornish,Manufacturing systems engineer,2,pp22862,cc51657,mm84366,ss93885
tt45023,Romero,Walloon,"Therapist, horticultural",3,pp53687,cc85295,mm88364,ss38179
tt21551,Garcia,Aymara,Forensic psychologist,2,pp47900,cc91661,mm44157,ss38179
tt11902,Martinez,Luba-Katanga,"Programmer, applications",2,pp65812,cc71215,mm54454,ss66747
tt44110,Sanchez,Sotho,English teacher,1,pp65812,cc74573,mm54454,ss85838
tt55767,Richards,Wolof,"Teacher, primary school",3,pp78254,cc29095,mm12039,ss26649
tt63710,Wilson,Bengali,"Teacher, early years/pre",2,pp71735,cc76828,mm53067,ss26649
tt36805,Carter,Igbo,Dispensing optician,1,pp65812,cc13370,mm80850,ss24587
tt60820,Smith,Northern Sami,Associate Professor,2,pp16634,cc31492,mm70336,ss50711
tt62275,Smith,Lingala,Broadcast engineer,1,pp76366,cc10247,mm52675,ss24629
tt95350,Roach,Tagalog,"Development worker, international aid",2,pp65812,cc65340,mm14203,ss11647
tt98796,Hernandez,Tahitian,Multimedia specialist,2,pp76366,cc66600,mm42663,ss85211
tt26912,Li,Thai,Media planner,1,pp96732,cc25000,mm89030,ss93991
tt11154,Love,Tajik,Senior tax professional,2,pp22862,cc27049,mm49841,ss17152
tt35971,Welch,English,Stage manager,3,pp65812,cc95420,mm36210,ss26649
tt66753,Armstrong,Maltese,Conservator,3,pp82549,cc25680,mm52316,ss39663
tt68540,Turner,Belarusian,Electrical engineer,1,pp82549,cc21611,mm97506,ss17152
tt99834,Rich,Abkhazian,Information officer,2,pp78254,cc92654,mm83333,ss66747
tt56752,Collins,Fijian,Probation officer,1,pp76472,cc66854,mm76860,ss49685
tt49631,Schwartz,Sotho,Systems developer,1,pp53687,cc80852,mm66427,ss78139
tt73322,Green,Irish,"Engineer, electronics",2,pp65812,cc51783,mm65453,ss59760
tt20976,Thompson,Manx,Maintenance engineer,1,pp28186,cc73690,mm35488,ss85211
tt17188,Dominguez,Nepali,"Designer, multimedia",2,pp47900,cc79181,mm52675,ss17152
tt13407,Harris,Malagasy,Field seismologist,2,pp40994,,mm12932,ss85838
